"","allcats","soiltype","WTD","rootdepth","LAIIntercept","LAIPx","LAIPETx","LAIP2x","LAIPET2x","aetIntercept","aetPx","aetPETx","aetP2x","aetPET2x","aetgwIntercept","aetgwPx","aetgwPETx","aetgwP2x","aetgwPET2x","gwsubsIntercept","gwsubsPx","gwsubsPETx","gwsubsP2x","gwsubsPET2x"
"1","clay_0.5_1","clay",1,0.5,-0.461207852562524,0.000597841239219993,0.0140086725016443,-3.05023258785159e-07,-3.58520077792547e-05,-123.105549701574,0.188134512364936,3.9160543037683,-5.68418262714511e-05,-0.00664963468772453,-0.300898648353687,-0.0220011390618031,0.0283697064874924,5.20080315174381e-05,-9.05650107399395e-05,-194.001314604305,-0.273340425978388,5.45757183809809,2.69366035626112e-05,-0.0121445578789871
"2","clayloam_0.5_1","clayloam",1,0.5,-0.553021744649629,0.00043400309662061,0.0174094060146883,-3.89315080991988e-07,-3.44734541041085e-05,-190.073850664006,0.148293044217047,5.50762646945685,-8.85217911530769e-05,-0.00542783376265738,4.12773556608112,-0.00560846252938812,-0.0447541792223911,1.16134698243927e-05,0.000135873235039358,-202.271803657605,-0.322257270768151,6.26254364562953,-1.04458594222689e-05,-0.00852343478339482
"3","loam_0.5_1","loam",1,0.5,-0.571047085027485,0.000416198266207221,0.0179919493226645,-4.33477747973694e-07,-3.33040107511577e-05,-208.140915413856,0.149472640481101,5.87251798365597,-0.000117794419630705,-0.00529451030912884,1.70340734199154,-0.014346371810362,-0.00438185141626272,3.21265304714355e-05,1.03022373607999e-05,-203.79069606452,-0.334555697614088,6.39641881235616,-2.0786061663063e-05,-0.00766530756259056
"4","loamysand_0.5_1","loamysand",1,0.5,-0.532448544633011,0.000347098007941721,0.0146830330019031,-4.80051834569521e-07,2.23975756909771e-06,-269.483311820899,-0.0229059132576809,5.97961406371185,-1.53914550622782e-05,0.0053573303494756,5.23458988202014,-0.000666455090188982,-0.063861479412542,-8.33677334483189e-08,0.000194644825287953,-198.316404391006,-0.476053864246237,5.5636126500745,0.000128055829119444,0.00593918635780663
"5","sandyclay_0.5_1","sandyclay",1,0.5,-0.384863547965782,0.000625318442277121,0.0109415394459053,-2.41469103028379e-07,-2.94475242348741e-05,-95.6710556564644,0.195115396756486,2.97606276354187,-5.88446185854443e-05,-0.00553243057991306,3.13206592768692,-0.00950730876425378,-0.0283123046904736,2.15467554751078e-05,8.50471132963402e-05,-193.815930012711,-0.375803447984322,5.38914797639756,0.000192614180422999,-0.0146775620129669
"6","sandyclayloam_0.5_1","sandyclayloam",1,0.5,-0.5208939027158,0.000443083923843668,0.0162532950495586,-3.33891750549132e-07,-3.38766397939346e-05,-171.812942773716,0.130430234114908,5.07507627163386,-5.19683535607309e-05,-0.00518670223188904,4.87705875361588,-0.00217124029147757,-0.0582202981169434,3.90544936546443e-06,0.00017810242051327,-199.999022744214,-0.339772574489485,6.02903312591122,5.10611043101865e-05,-0.00885201697973661
"7","sandyloam_0.5_1","sandyloam",1,0.5,-0.55990328362895,0.000379362755369878,0.0166467455614225,-4.81778878732366e-07,-1.59808948708541e-05,-250.004378691563,0.0682892337674513,6.20864491389861,-9.19912371413569e-05,-0.000492818885425863,5.22607112712794,-0.000700694443144006,-0.0637077623933092,-1.70896334955755e-08,0.000194158585297375,-203.216377673578,-0.404409091926068,6.1844191401311,1.30239450333148e-05,-0.00115066661252064
"8","silt_0.5_1","silt",1,0.5,-0.567917830315527,6.95721121979837e-05,0.0168000714538257,-3.17654987941964e-07,-3.91417844248543e-06,-340.489062566927,-0.0535902346246978,7.63159194510997,-1.62495312430546e-05,-0.00181419749022616,1.09189576310953,-0.017369810243873,0.00573179399059848,4.13831240972914e-05,-2.04395144331956e-05,-209.872747707295,-0.581794268574042,6.60679057867104,9.03860747134327e-05,0.000514134361855298
"9","siltloam_0.5_1","siltloam",1,0.5,-0.604520233051667,0.000361196604093032,0.0190433446779827,-5.24631350770649e-07,-3.00001379195987e-05,-259.890489524354,0.143351549701272,6.87773115744361,-0.000172969669647564,-0.00654439859790625,-0.292485903737703,-0.0234160735210106,0.0212756032614777,7.26279182256584e-05,-6.0100423283095e-05,-208.458093515829,-0.381455014744918,6.77202425429001,-6.02819689436141e-05,-0.00691731217628324
"10","siltyclay_0.5_1","siltyclay",1,0.5,-0.488499287737991,0.000587976454973153,0.0150407971420157,-3.40277202378101e-07,-3.70785712122282e-05,-136.625204935027,0.185063561913305,4.30407733782718,-5.84538664789948e-05,-0.00679284595208255,0.0392519707672081,-0.0200836154844944,0.0235155246226438,4.44577868925117e-05,-7.68279599682549e-05,-196.276572706084,-0.275454050959472,5.69802609707754,8.15283167432393e-06,-0.0118670605862055
"11","siltyclayloam_0.5_1","siltyclayloam",1,0.5,-0.577061118874617,0.000458614358130394,0.018380121970626,-4.5533734620115e-07,-3.77738894070189e-05,-198.57662606828,0.190566073830006,5.78383252349262,-0.000138744842313613,-0.00702193000415741,-1.39422020624824,-0.0264749084352894,0.0443355673159485,6.68522932429544e-05,-0.000136860694448467,-203.909183610592,-0.29632253777024,6.45168447372092,-6.57225013208864e-05,-0.00986826712021163
"12","clay_0.5_3","clay",3,0.5,-0.279114567705294,0.00137208253519896,0.00479183585086301,-5.06141648257396e-07,-1.2469217373798e-05,-30.050926598704,0.469943551572463,0.306925650774656,-0.000149663709480922,-5.44391511284282e-05,5.23458988202014,-0.000666455090188982,-0.063861479412542,-8.33677334483189e-08,0.000194644825287953,-165.275394009994,0.0059646242208265,2.66422466937091,-5.32665297887181e-05,-0.00807411329811181
"13","clayloam_0.5_3","clayloam",3,0.5,-0.313054768892245,0.00129913159913307,0.00644375548667162,-5.06890712239858e-07,-1.80990170788494e-05,-46.3392356664937,0.447905492944738,0.938270851561655,-0.000149196498390439,-0.00187892957086474,5.23458988202014,-0.000666455090188982,-0.063861479412542,-8.33677334483189e-08,0.000194644825287953,-169.414240038929,-0.0209673363443036,3.08299167271564,-5.59342483541574e-05,-0.00925770349492186
"14","loam_0.5_3","loam",3,0.5,-0.341280216949981,0.00121799865896386,0.00786116060366474,-5.16114591345098e-07,-2.28312390997025e-05,-59.3141196198137,0.424712272474827,1.45545642314701,-0.000158191755746754,-0.00331377685687721,5.23458988202014,-0.000666455090188982,-0.063861479412542,-8.33677334483189e-08,0.000194644825287953,-173.233748787233,-0.0559323973538569,3.45819979500173,-4.67880937321056e-05,-0.0102392325102927
"15","loamysand_0.5_3","loamysand",3,0.5,-0.282459326585996,0.00102540585933471,0.00583852795133471,-3.5137677568664e-07,-1.64548246523171e-05,-40.1998034699569,0.367553518374016,0.80722056067444,-0.000135646974374996,-0.00163301339324282,5.23458988202014,-0.000666455090188982,-0.063861479412542,-8.33677334483189e-08,0.000194644825287953,-167.832488376243,-0.0732162395784518,2.86356000633691,2.41058600869244e-05,-0.00865363252426238
"16","sandyclay_0.5_3","sandyclay",3,0.5,-0.25768901646721,0.00120787703413226,0.0043219540203606,-4.14530588430448e-07,-1.14879329918283e-05,-26.8326473470274,0.431404510421404,0.197732589362149,-0.000155816813365554,1.75682568010604e-05,5.23458988202014,-0.000666455090188982,-0.063861479412542,-8.33677334483189e-08,0.000194644825287953,-170.967024120555,-0.0886719711156794,3.22585228660197,4.45110489277608e-05,-0.0117137874568948
"17","sandyclayloam_0.5_3","sandyclayloam",3,0.5,-0.298552721268927,0.00124751004125683,0.00595630564884735,-4.79129563657509e-07,-1.65781438016186e-05,-41.859449564427,0.442326734104653,0.769339808953432,-0.000160918733589625,-0.00142411989547248,5.23458988202014,-0.000666455090188982,-0.063861479412542,-8.33677334483189e-08,0.000194644825287953,-168.368223624995,-0.0272682383124238,2.95801385223552,-4.34441662873422e-05,-0.00889714359676737
"18","sandyloam_0.5_3","sandyloam",3,0.5,-0.309133270330173,0.00117295062958832,0.00660096117741311,-4.49085614451224e-07,-1.87669944362351e-05,-47.6233353246451,0.413419342566287,1.03183239930356,-0.000149892194799587,-0.00217195974445803,5.23458988202014,-0.000666455090188982,-0.063861479412542,-8.33677334483189e-08,0.000194644825287953,-170.065559506253,-0.0512063253077962,3.11772673012247,-2.80911583298009e-05,-0.00932648034644463
"19","silt_0.5_3","silt",3,0.5,-0.439448216947521,0.00111710804919462,0.0122012563731967,-6.10496042036433e-07,-3.5585144674347e-05,-99.8108188650867,0.373707973248399,2.92808930183996,-0.000151837076960685,-0.00673861263311495,5.23458988202014,-0.000666455090188982,-0.063861479412542,-8.33677334483189e-08,0.000194644825287953,-184.358812773377,-0.139919137716858,4.58647211076345,-2.96326604434139e-05,-0.0126929768845103
"20","siltloam_0.5_3","siltloam",3,0.5,-0.445332337797629,0.00102347411066327,0.012626799232265,-5.37022203134333e-07,-3.61780060855346e-05,-107.062506601613,0.342633190210295,3.22429905239081,-0.000119206017913413,-0.00728829450258184,5.14660885714646,-0.00102007641185424,-0.0622739022297629,6.0114722605113e-07,0.000189622977230725,-186.07034039078,-0.175142813951221,4.7447933775687,5.3833263548108e-06,-0.0126718672094133
"21","siltyclay_0.5_3","siltyclay",3,0.5,-0.284492423620072,0.00139230447478134,0.00496493752659708,-5.06734185749938e-07,-1.29438740128129e-05,-32.6874262517418,0.467635384679859,0.395882297856175,-0.000134670092941028,-0.00028566809424697,5.23458988202014,-0.000666455090188982,-0.063861479412542,-8.33677334483189e-08,0.000194644825287953,-165.757728455723,0.00514932129967789,2.71794055089993,-5.45941394922368e-05,-0.00822800577991417
"22","siltyclayloam_0.5_3","siltyclayloam",3,0.5,-0.357653484414011,0.00132077837422858,0.00830092325333493,-5.81343979253688e-07,-2.42060568059826e-05,-62.8500388640968,0.452641544706012,1.56052456309464,-0.000157221960942403,-0.00360372078950178,5.23458988202014,-0.000666455090188982,-0.063861479412542,-8.33677334483189e-08,0.000194644825287953,-173.747265534719,-0.0322926893191729,3.551327963636,-7.01891648470116e-05,-0.0105282088364414
"23","clay_0.5_6","clay",6,0.5,-0.239378041707736,0.00150317381995338,0.00273043519356491,-5.18714326556194e-07,-5.28360402080483e-06,-10.6810916901224,0.474496559027554,-0.427466824339246,-0.000101160462638453,0.00211556861490306,5.23458988202014,-0.000666455090188982,-0.063861479412542,-8.33677334483189e-08,0.000194644825287953,-159.919931467935,0.0112084736834585,2.10673597567316,-3.55805527815222e-06,-0.00645310307138155
"24","clayloam_0.5_6","clayloam",6,0.5,-0.248098838822775,0.00151885150281633,0.00305655852857366,-5.37944743915188e-07,-6.24753600964874e-06,-17.774200888347,0.480336346051565,-0.255338617660699,-0.000102476608889993,0.00160945917525085,5.23458988202014,-0.000666455090188982,-0.063861479412542,-8.33677334483189e-08,0.000194644825287953,-160.195118286184,0.0108889384440671,2.13576604012904,-5.74322045022934e-06,-0.00653401923635063
"25","loam_0.5_6","loam",6,0.5,-0.255828245835863,0.00152305607784545,0.00338481918484042,-5.71123529385535e-07,-7.41292718044452e-06,-20.8857266727423,0.491149108420756,-0.155632636489666,-0.000123869411909709,0.00129641815784948,5.23458988202014,-0.000666455090188982,-0.063861479412542,-8.33677334483189e-08,0.000194644825287953,-160.568514080039,0.010050699376129,2.17474455581321,-8.21646304091387e-06,-0.00664525698290194
"26","loamysand_0.5_6","loamysand",6,0.5,-0.24333414669548,0.00126159130234697,0.00354508072572104,-4.59743045634788e-07,-8.55985224788146e-06,-20.2220711836489,0.443944153418035,-0.141869211122588,-0.000150091471474304,0.00114849205022862,5.23458988202014,-0.000666455090188982,-0.063861479412542,-8.33677334483189e-08,0.000194644825287953,-159.651283552872,0.00212777395614483,2.07198478684294,1.22206096436046e-05,-0.00637987682477384
"27","sandyclay_0.5_6","sandyclay",6,0.5,-0.255533823591469,5.14896569295473e-05,0.00717986978232836,9.29166309554622e-07,-2.24535584269113e-05,-116.274756343748,-0.147081385974334,2.78813858577088,0.000559627553945415,-0.00919646060668325,3.3853764049639,-0.00938984665637776,-0.0312558697212425,2.10277398062969e-05,9.30559069674374e-05,-161.572423570432,0.120109494876382,2.52340615783835,-5.9522560178347e-05,-0.0105610272639718
"28","sandyclayloam_0.5_6","sandyclayloam",6,0.5,-0.246419433501275,0.00143615934653298,0.00321252633463461,-5.06561399486559e-07,-7.05498982149745e-06,-17.670930559614,0.477376060984719,-0.249777691142979,-0.000123353436429145,0.00154918017968841,5.23458988202014,-0.000666455090188982,-0.063861479412542,-8.33677334483189e-08,0.000194644825287953,-160.314114413373,0.00777075290362927,2.14452655905567,-3.60528795368046e-06,-0.00656349648093082
"29","sandyloam_0.5_6","sandyloam",6,0.5,-0.248596011905172,0.00142101461951272,0.00334354566193403,-5.10315245768662e-07,-7.48370707301602e-06,-19.8828010519075,0.472784235333517,-0.18191749914379,-0.000127007443354624,0.00133887497294013,5.23458988202014,-0.000666455090188982,-0.063861479412542,-8.33677334483189e-08,0.000194644825287953,-160.224144751816,0.00693930243603469,2.13469589848259,-1.31909204799307e-06,-0.00653628701692624
"30","silt_0.5_6","silt",6,0.5,-0.26950289204458,0.00172285183223838,0.00343717618157165,-7.22183618960553e-07,-7.09589107494721e-06,-25.754681870913,0.528638672699246,-0.0693869543129935,-0.00014534433196837,0.00113666822952255,5.23458988202014,-0.000666455090188982,-0.063861479412542,-8.33677334483189e-08,0.000194644825287953,-161.0334226691,0.0127911571642477,2.23143714285008,-1.28397139039581e-05,-0.00680116339721184
"31","siltloam_0.5_6","siltloam",6,0.5,-0.28867011111361,0.00161522321914416,0.00458783867635971,-6.79679342589773e-07,-1.16781384248604e-05,-31.353763856032,0.526980786467656,0.212835619451683,-0.000154045562000419,0.000154640907304346,5.23458988202014,-0.000666455090188982,-0.063861479412542,-8.33677334483189e-08,0.000194644825287953,-162.590769417737,0.00834670070022545,2.39482721675738,-2.0737475225715e-05,-0.00727484728750613
"32","siltyclay_0.5_6","siltyclay",6,0.5,-0.240150819580894,0.0015395767679899,0.0026581040277534,-5.25903244615343e-07,-4.85051872775058e-06,-12.0171309992633,0.473511171175115,-0.405032817835268,-8.50347326999769e-05,0.00208072061299516,5.23458988202014,-0.000666455090188982,-0.063861479412542,-8.33677334483189e-08,0.000194644825287953,-159.888404575981,0.0116294349150298,2.10413333169848,-3.53945399413674e-06,-0.00644252414852439
"33","siltyclayloam_0.5_6","siltyclayloam",6,0.5,-0.257436617124701,0.00163215172082894,0.00316072124508715,-6.1746467953096e-07,-6.39151458274029e-06,-19.8295784342245,0.498735175508413,-0.191955039728345,-0.000102133631871652,0.00144843843867639,5.23458988202014,-0.000666455090188982,-0.063861479412542,-8.33677334483189e-08,0.000194644825287953,-160.518813897245,0.013703727069434,2.17545970084278,-1.05614094465216e-05,-0.00664048642628215
"34","clay_0.5_12","clay",12,0.5,-0.230589868595795,0.00154618093510478,0.00225521210125325,-5.31478108449258e-07,-3.83443605502994e-06,-4.2930148396904,0.473465972292243,-0.626341871783823,-8.55326623086329e-05,0.00270059270341984,5.23458988202014,-0.000666455090188982,-0.063861479412542,-8.33677334483189e-08,0.000194644825287953,NA,NA,NA,NA,NA
"35","clayloam_0.5_12","clayloam",12,0.5,-0.237335425791871,0.00155729473047793,0.00250579226055472,-5.40779744736419e-07,-4.52965199607603e-06,-10.6357551032425,0.479278720411253,-0.488926076160277,-8.43423508960863e-05,0.00229390791632034,5.23458988202014,-0.000666455090188982,-0.063861479412542,-8.33677334483189e-08,0.000194644825287953,NA,NA,NA,NA,NA
"36","loam_0.5_12","loam",12,0.5,-0.242340981968927,0.00157401768409005,0.00268387272023731,-5.78929072477295e-07,-5.17707809089017e-06,-12.6291765588713,0.49166426583487,-0.438664345233709,-0.000104252440510414,0.00212553361526194,5.23458988202014,-0.000666455090188982,-0.063861479412542,-8.33677334483189e-08,0.000194644825287953,NA,NA,NA,NA,NA
"37","loamysand_0.5_12","loamysand",12,0.5,-0.240056588265026,0.00126776090086202,0.00339689061616988,-4.51903323046122e-07,-8.19587909926902e-06,-18.3778998864644,0.452521381219495,-0.251170313929562,-0.000150412070300014,0.00148903915550161,5.23458988202014,-0.000666455090188982,-0.063861479412542,-8.33677334483189e-08,0.000194644825287953,NA,NA,NA,NA,NA
"38","sandyclay_0.5_12","sandyclay",12,0.5,-0.271121129247777,0.00163867228476685,0.00424189693020685,-8.32308322121597e-07,-1.72397014318707e-05,-30.6709954071241,0.581329469480514,-0.211105395058368,-0.000269015861550407,-3.81645442155895e-05,6.62532665556274,0.000186562039243924,-0.100555895205126,-4.70451216728634e-07,0.000376827544704772,NA,NA,NA,NA,NA
"39","sandyclayloam_0.5_12","sandyclayloam",12,0.5,-0.236518483915507,0.0014763743707972,0.00269735432044305,-5.11744625355035e-07,-5.49847956325656e-06,-11.1623334930936,0.480074477632784,-0.483457535205713,-0.000108002445698122,0.00223612819473193,5.23458988202014,-0.000666455090188982,-0.063861479412542,-8.33677334483189e-08,0.000194644825287953,NA,NA,NA,NA,NA
"40","sandyloam_0.5_12","sandyloam",12,0.5,-0.239407531016251,0.00145324030414736,0.00287680411943553,-5.09992880698478e-07,-6.06451788908119e-06,-14.1121256224241,0.475782062107329,-0.397002822575026,-0.00011322959902608,0.00197237140390644,5.23458988202014,-0.000666455090188982,-0.063861479412542,-8.33677334483189e-08,0.000194644825287953,NA,NA,NA,NA,NA
"41","silt_0.5_12","silt",12,0.5,-0.246608122932781,0.00185992537921049,0.00209133568322626,-8.00661674628124e-07,-2.36829621866492e-06,-14.2340795405258,0.525268835789514,-0.445112866849245,-0.000120001980849419,0.0022385799233277,5.23458988202014,-0.000666455090188982,-0.063861479412542,-8.33677334483189e-08,0.000194644825287953,NA,NA,NA,NA,NA
"42","siltloam_0.5_12","siltloam",12,0.5,-0.256589410994662,0.00174614664838362,0.00286918145335356,-7.2535239275502e-07,-5.8132546190406e-06,-15.0168790459874,0.529368969730115,-0.36721292052096,-0.000123031059634108,0.00185318301933006,5.23458988202014,-0.000666455090188982,-0.063861479412542,-8.33677334483189e-08,0.000194644825287953,NA,NA,NA,NA,NA
"43","siltyclay_0.5_12","siltyclay",12,0.5,-0.231374875654225,0.00157698453902388,0.00219641148494767,-5.33550267906084e-07,-3.4371224818738e-06,-5.85694704928125,0.472109117243282,-0.598816880648383,-6.9469941574233e-05,0.00264746344149925,5.23458988202014,-0.000666455090188982,-0.063861479412542,-8.33677334483189e-08,0.000194644825287953,NA,NA,NA,NA,NA
"44","siltyclayloam_0.5_12","siltyclayloam",12,0.5,-0.242113661776578,0.00169088938208431,0.00235930818461009,-6.31891739731751e-07,-3.79040386292061e-06,-10.7725434425349,0.495402422520334,-0.48596033231941,-8.0076279143785e-05,0.00230370732503026,5.23458988202014,-0.000666455090188982,-0.063861479412542,-8.33677334483189e-08,0.000194644825287953,NA,NA,NA,NA,NA
"45","clay_2_1","clay",1,2,-0.482108418560554,0.000351012908189108,0.0117746433887863,-4.4657132887333e-07,2.19647199718601e-05,-256.805571183204,0.0693865141946098,5.62955388235877,-0.000104519013195229,0.00580045323822713,-21.1960397162329,-0.0539428583653641,0.786446014027669,8.40419941809989e-05,0.00243966541727418,-198.316265961846,-0.28607334260327,5.54474984567155,-0.000253206501390138,0.00521261810204196
"46","clayloam_2_1","clayloam",1,2,-0.340077266017173,0.000505179105442685,0.00313781383887933,-4.74672571141067e-07,8.0466777832278e-05,-147.029207223829,-0.0986300283821352,1.81728927162547,0.000119636877408088,0.0312406910502284,-1.97872757449773,-0.0516212397756226,0.0657128198414883,9.00246320702211e-05,0.00643605016076805,-177.573023823162,-0.484286049647881,2.87918005740685,3.69459588324782e-06,0.0269902128205461
"47","loam_2_1","loam",1,2,-0.350871186183168,0.000443245564537115,0.00384128318518003,-4.30565964692137e-07,7.68801349198211e-05,-167.599025467445,-0.121304501315701,2.35963490514719,0.000136252425140001,0.0286746591783051,-11.4154658019052,-0.0432068122274984,0.491297186438281,8.94455541737049e-05,0.00231896808120406,-181.039507004385,-0.530255131475049,3.21742679807541,3.79460557826267e-05,0.0250335028968479
"48","loamysand_2_1","loamysand",1,2,-0.27054749115257,0.000734511712959326,-0.00132163857483847,-6.28406520256645e-07,0.00010794427852143,-39.9037677734717,-0.0129439769249571,-0.939948105909097,6.28877647192625e-05,0.0446690184686042,41.5080783924758,-0.00481115474581185,-0.913586439983692,2.52041746087217e-05,0.012821623458973,-163.527736698027,-0.440640654167754,1.33807721183638,2.01602428652371e-05,0.0365445003153401
"49","sandyclay_2_1","sandyclay",1,2,-0.474466791045284,0.00054595150873778,0.0116645802721238,-5.4242999225947e-07,1.30084529960338e-05,-193.248384036264,0.129611219976223,4.34430344659953,-0.000115437781201414,0.00872737370776822,-13.2015055054631,-0.0555750305737662,0.591433351791877,6.15027143847413e-05,0.00601702360243533,-190.603025114578,-0.182751106759275,4.84261599385762,-0.000295637517701904,0.00659943167679125
"50","sandyclayloam_2_1","sandyclayloam",1,2,-0.3429729108554,0.000518071674414522,0.00334384791554222,-4.82329384568514e-07,7.82513355177716e-05,-136.284040558908,-0.0856809289875833,1.56939233670584,0.000109749380041454,0.0322425158080967,3.86477091724886,-0.0629164741951709,-0.286310157641062,9.2985201860075e-05,0.0101463971650379,-176.454277673499,-0.46886028938547,2.7613148365756,-1.4669788183867e-05,0.0276190421282088
"51","sandyloam_2_1","sandyloam",1,2,-0.276270145062922,0.000740773732545995,-0.00100290500436411,-6.39621829138815e-07,0.000105665027944949,-40.0271618597142,-0.0111853842702906,-0.929739582354496,6.09801465003188e-05,0.0445651414326093,46.5936024242423,-0.00778228984680062,-1.08313001079307,3.57601275839436e-05,0.0133725433023946,-162.903889732933,-0.397374931845867,1.2844705035705,-4.86191052738387e-05,0.0367342559298141
"52","silt_2_1","silt",1,2,-0.277541665570515,0.000699313897444073,-0.000860509767514526,-6.02639954328438e-07,0.00010536014726413,-42.9741402593094,-0.0134148430133424,-0.878933033083164,6.26808009335976e-05,0.0444029749669394,-7.29180150886832,-0.0156339850704563,0.582761095906164,6.939095028891e-05,-0.000542577828297749,-164.193378131398,-0.463279095558932,1.36948265443056,2.97079077567754e-05,0.0363727900332491
"53","siltloam_2_1","siltloam",1,2,-0.347968430465978,0.000413832137709318,0.00368797413726471,-4.05222669213977e-07,7.87353059382518e-05,-203.529385218488,-0.164597996731775,3.27285745667974,0.000170456077231947,0.0244834276425291,13.3075685193049,0.0120129229186708,0.177692447952439,6.06663138099417e-05,-0.000947441286667937,-186.938770829068,-0.636156831581067,3.77170347024047,0.00013468878862974,0.0219585731358954
"54","siltyclay_2_1","siltyclay",1,2,-0.449470144345146,0.000320497853498998,0.0098432290271104,-3.98887812466464e-07,3.66780358494416e-05,-264.83099208357,-0.000761220299425491,5.45994847608415,-3.6854697218295e-05,0.00919837749605168,-25.0181149355238,-0.0607786628265929,0.795545796044985,9.37543999911572e-05,0.00247088259429434,-197.057683471112,-0.367340184883992,5.27656945036402,-0.000178978881618159,0.00886009357600323
"55","siltyclayloam_2_1","siltyclayloam",1,2,-0.382100814933759,0.000326106315286191,0.0058371332816436,-3.52997366271437e-07,6.51297598052758e-05,-249.036979462237,-0.165581483954091,4.65741813620162,0.00014854636942215,0.0167782076769234,-23.0355163574031,-0.0347940433577707,0.992629516173702,9.10201623464157e-05,-0.00240714268831098,-193.927888182397,-0.580903327256466,4.65018112169978,5.65368578055991e-05,0.015828827330906
"56","clay_2_3","clay",3,2,-0.337809995161971,0.0019563338671889,0.00558062084792549,-9.26142953837443e-07,-1.15260262303027e-05,-60.179844733069,0.64481542393235,0.962600318733596,-0.000227074499053718,-0.000548751068437575,5.23458988202014,-0.000666455090188982,-0.063861479412542,-8.33677334483189e-08,0.000194644825287953,-164.402416156831,0.295187085272083,2.91960311307225,-0.000358189190316426,-0.00745159105390464
"57","clayloam_2_3","clayloam",3,2,-0.42198126223502,0.00201139270971905,0.00882319423445696,-1.26415612880128e-06,-1.92036068034628e-05,-115.434621811681,0.687627177496563,2.39170642301322,-0.000359780330077034,-0.00345079049735603,5.23458988202014,-0.000666455090188982,-0.063861479412542,-8.33677334483189e-08,0.000194644825287953,-172.891200383781,0.30298940178294,3.7960190729645,-0.000473319763033359,-0.00877296821979588
"58","loam_2_3","loam",3,2,-0.477771290293069,0.00187441154846771,0.0114015440315506,-1.34782320845908e-06,-2.56647302426095e-05,-147.951380034457,0.667343456849919,3.37955679049425,-0.000414864036691923,-0.00554681919473786,5.23458988202014,-0.000666455090188982,-0.063861479412542,-8.33677334483189e-08,0.000194644825287953,-180.022019038205,0.259554454491558,4.47702348661543,-0.000512357213781269,-0.00994715262360982
"59","loamysand_2_3","loamysand",3,2,-0.394745317730825,0.00150257562258826,0.00898873571906254,-8.60289612740609e-07,-2.04568817002918e-05,-95.5779317352756,0.491491116918393,2.1918843891484,-0.000226008483698507,-0.00244019621656155,5.23458988202014,-0.000666455090188982,-0.063861479412542,-8.33677334483189e-08,0.000194644825287953,-177.123109089114,0.0656831837680679,3.93206561243623,-0.000276876500441841,-0.00888718235667984
"60","sandyclay_2_3","sandyclay",3,2,-0.302489287629283,0.00163736761642805,0.00502700621772261,-5.77107952603714e-07,-1.19101883859762e-05,-38.9160680890256,0.485266382211694,0.656609965748111,-6.0663039632073e-05,-0.000527948057701269,5.23458988202014,-0.000666455090188982,-0.063861479412542,-8.33677334483189e-08,0.000194644825287953,-164.12610990668,0.178054738759291,2.75153432965463,-0.000227003645451981,-0.00757531340562722
"61","sandyclayloam_2_3","sandyclayloam",3,2,-0.396694349886264,0.00194083620954429,0.00802549890178466,-1.13615268276404e-06,-1.80131508278345e-05,-95.0771647233338,0.644258085336877,1.94926858181638,-0.000297370000126344,-0.00268680887581022,5.23458988202014,-0.000666455090188982,-0.063861479412542,-8.33677334483189e-08,0.000194644825287953,-171.493738259239,0.263319604799192,3.59651251385345,-0.000419174340020892,-0.00872350826780694
"62","sandyloam_2_3","sandyloam",3,2,-0.4347147719629,0.0017771799777069,0.00993316037631211,-1.1313147598529e-06,-2.25489961831795e-05,-115.674149983549,0.61339087164886,2.6452745010978,-0.000327977387927484,-0.00386170859259889,5.23458988202014,-0.000666455090188982,-0.063861479412542,-8.33677334483189e-08,0.000194644825287953,-176.703273038087,0.225438027176858,4.08145729297835,-0.000444697015047307,-0.00928271836491601
"63","silt_2_3","silt",3,2,-0.592080599631565,0.00123301505020267,0.0168370855824403,-1.25918902894692e-06,-2.9505154092102e-05,-264.591823092576,0.537861887537117,6.47690951707723,-0.000514571853536686,-0.0105915132703689,5.23458988202014,-0.000666455090188982,-0.063861479412542,-8.33677334483189e-08,0.000194644825287953,-200.875354553642,0.0803808687218925,6.41041251920652,-0.000566727942684087,-0.0114732829600217
"64","siltloam_2_3","siltloam",3,2,-0.610388484075773,0.00112772549220438,0.0181069218010384,-1.18396627466013e-06,-3.6777871961996e-05,-270.501788921977,0.526102596703591,6.6953699743176,-0.000496325644770571,-0.012305610832516,4.84314430726592,-0.00213707076792762,-0.0569038060180831,2.73574905034031e-06,0.000172621647171975,-202.377398807127,0.0534677285337797,6.55546630732384,-0.000539411829367819,-0.0128798162488884
"65","siltyclay_2_3","siltyclay",3,2,-0.352008872302539,0.00201112875284791,0.00600016147853486,-1.00920858765666e-06,-1.22277136234075e-05,-71.5022630384585,0.674638928305642,1.19406341255449,-0.000266331368580822,-0.000960823271944074,5.23458988202014,-0.000666455090188982,-0.063861479412542,-8.33677334483189e-08,0.000194644825287953,-165.371433931251,0.314249836403801,3.04059989080716,-0.00039167306518862,-0.00758326942515924
"66","siltyclayloam_2_3","siltyclayloam",3,2,-0.484466664888868,0.00198535921006833,0.0113862414786996,-1.45100149282161e-06,-2.53152485315124e-05,-159.502757583936,0.737250977112881,3.60624409320038,-0.000496127360606816,-0.00642260592159958,5.23458988202014,-0.000666455090188982,-0.063861479412542,-8.33677334483189e-08,0.000194644825287953,-180.049844719311,0.324050429724659,4.56071088807146,-0.000580306031819808,-0.0103776442566432
"67","clay_2_6","clay",6,2,-0.223932482835137,0.00156146003316255,0.0018218987915652,-2.96709245049663e-07,-1.15432000322558e-06,-11.2564650240968,0.397076781947271,-0.389552883850824,9.71543507561532e-05,0.00218609026809892,5.23458988202014,-0.000666455090188982,-0.063861479412542,-8.33677334483189e-08,0.000194644825287953,-159.276836914591,0.0517344557706066,2.10110162318761,-3.13956920049055e-05,-0.00633530178502853
"68","clayloam_2_6","clayloam",6,2,-0.237057045054147,0.00173916188259485,0.00189208288023076,-4.68471553523369e-07,-7.36790943253225e-07,-21.3004646471168,0.447186408184673,-0.251322110489974,5.4992914351367e-05,0.00192436768214615,5.23458988202014,-0.000666455090188982,-0.063861479412542,-8.33677334483189e-08,0.000194644825287953,-159.539921185239,0.0680556851872574,2.1486352547617,-5.16635806301019e-05,-0.00643909228056313
"69","loam_2_6","loam",6,2,-0.2489545191772,0.00183482485769089,0.00215613889806797,-5.81378994844267e-07,-1.46282996432443e-06,-24.2907995766622,0.490176479966657,-0.187495525933251,9.28559588927108e-06,0.00181385707181508,5.23458988202014,-0.000666455090188982,-0.063861479412542,-8.33677334483189e-08,0.000194644825287953,-159.748966929616,0.0879595793281321,2.19085568855855,-7.80442233475164e-05,-0.00651063701378676
"70","loamysand_2_6","loamysand",6,2,-0.236299459046657,0.00177272523803129,0.00178485679928158,-5.79801715863124e-07,-3.9052049927062e-07,-18.9128346635693,0.449085882839424,-0.333703457089896,2.22351073750536e-05,0.00217482667837295,5.23458988202014,-0.000666455090188982,-0.063861479412542,-8.33677334483189e-08,0.000194644825287953,-160.174568602875,0.0243700895139244,2.14965107438489,-2.02630034460011e-05,-0.00654835467434614
"71","sandyclay_2_6","sandyclay",6,2,-0.223955207909016,0.00143751761977809,0.00221094169240613,-1.82497409106502e-07,-3.45959894819535e-06,-6.3274354992067,0.341912756605069,-0.331063462332853,0.000143140107341918,0.00169394144754724,5.23458988202014,-0.000666455090188982,-0.063861479412542,-8.33677334483189e-08,0.000194644825287953,-159.531396483858,0.0371941378847378,2.10603731686564,-2.13664065176087e-05,-0.00639278236474835
"72","sandyclayloam_2_6","sandyclayloam",6,2,-0.236249855665996,0.0017223400134331,0.00191722465295606,-4.50400964149654e-07,-1.03274291731644e-06,-18.7844200450636,0.439783872169274,-0.286544718961712,6.43492872162886e-05,0.00198366357607502,5.23458988202014,-0.000666455090188982,-0.063861479412542,-8.33677334483189e-08,0.000194644825287953,-159.714762613021,0.0629383876743726,2.15577633841186,-5.1546576329005e-05,-0.00648014540968014
"73","sandyloam_2_6","sandyloam",6,2,-0.240869148421783,0.00176599231772005,0.00199552753401529,-5.06768526705581e-07,-1.12184295749387e-06,-21.0227326761905,0.447045297168733,-0.232304808120505,5.24937526151424e-05,0.00184945956679018,5.23458988202014,-0.000666455090188982,-0.063861479412542,-8.33677334483189e-08,0.000194644825287953,-159.855511160356,0.0633335805164404,2.16671884444748,-5.65139776541686e-05,-0.00651810122736543
"74","silt_2_6","silt",6,2,-0.271266808943671,0.00200352953307664,0.00265996730717728,-8.01124109324453e-07,-2.6950574829276e-06,-32.7924495956338,0.606416589952387,-0.0947403029552154,-0.000117332249282046,0.00184359204030175,5.23258618204036,-0.000674508543034039,-0.0638253235667377,-6.77784332260727e-08,0.000194530456571913,-159.197502730014,0.156292443566574,2.21195197012984,-0.000148570134548386,-0.00634500309996796
"75","siltloam_2_6","siltloam",6,2,-0.2972121593198,0.00211654823383705,0.00350529213940951,-9.56043585707221e-07,-5.61523089832671e-06,-39.9413728519133,0.657215109370807,0.166124622897273,-0.000182517492475701,0.00109917158550072,5.23458988202014,-0.000666455090188982,-0.063861479412542,-8.33677334483189e-08,0.000194644825287953,-160.499938851579,0.191418618316208,2.38504002279103,-0.000204567808454145,-0.00674505538339995
"76","siltyclay_2_6","siltyclay",6,2,-0.225490257400097,0.00161776542190165,0.00172441732555467,-3.48661146781191e-07,-5.39490434122067e-07,-15.0511960379134,0.408806270064835,-0.356775710023248,8.97427313379571e-05,0.00214641920152348,5.23458988202014,-0.000666455090188982,-0.063861479412542,-8.33677334483189e-08,0.000194644825287953,-159.284927236601,0.0531943673490142,2.10444344483591,-3.25416583391242e-05,-0.006342538113869
"77","siltyclayloam_2_6","siltyclayloam",6,2,-0.249213645963358,0.0018410229007881,0.00214364286973533,-6.00986918956659e-07,-1.3394690371423e-06,-25.5608927865511,0.507550311891508,-0.186792957240086,-1.23116063919606e-05,0.00185203552427344,5.23458988202014,-0.000666455090188982,-0.063861479412542,-8.33677334483189e-08,0.000194644825287953,-159.362775999967,0.101162476690742,2.1691989776375,-8.61515971230253e-05,-0.00639530372109484
"78","clay_2_12","clay",12,2,-0.205943684401409,0.00155422710650639,0.00109836745259294,-2.85537153980013e-07,8.1516103288556e-07,-5.43975546382138,0.354450066722676,-0.58159749432796,0.000141822550176326,0.00264690076643945,5.23458988202014,-0.000666455090188982,-0.063861479412542,-8.33677334483189e-08,0.000194644825287953,NA,NA,NA,NA,NA
"79","clayloam_2_12","clayloam",12,2,-0.212245580185262,0.00169267060961952,0.000969639568004676,-4.03853508762351e-07,1.90128565673822e-06,-13.9293672041912,0.388194911752447,-0.506371900316885,0.000119714101963283,0.00253509328083592,5.23458988202014,-0.000666455090188982,-0.063861479412542,-8.33677334483189e-08,0.000194644825287953,NA,NA,NA,NA,NA
"80","loam_2_12","loam",12,2,-0.216838367384807,0.0017622621809282,0.000984269527288544,-4.70534451151695e-07,1.98357335734479e-06,-14.7699543359298,0.411099252364506,-0.508362116952186,0.000100245532024886,0.00256787517099545,5.23458988202014,-0.000666455090188982,-0.063861479412542,-8.33677334483189e-08,0.000194644825287953,NA,NA,NA,NA,NA
"81","loamysand_2_12","loamysand",12,2,-0.220482586919673,0.00180675373040161,0.001023893587263,-5.65513483509012e-07,2.05419498086679e-06,-11.7799283398182,0.4348045345294,-0.581593027788571,5.45812431053859e-05,0.00287485049264676,5.23458988202014,-0.000666455090188982,-0.063861479412542,-8.33677334483189e-08,0.000194644825287953,NA,NA,NA,NA,NA
"82","sandyclay_2_12","sandyclay",12,2,-0.208470176834318,0.00146028665840139,0.00151117018566377,-1.84738447605914e-07,-1.43235770133032e-06,-0.801379741575602,0.313941575190581,-0.521800914145425,0.000177823058419254,0.00219414905380277,5.23458988202014,-0.000666455090188982,-0.063861479412542,-8.33677334483189e-08,0.000194644825287953,NA,NA,NA,NA,NA
"83","sandyclayloam_2_12","sandyclayloam",12,2,-0.212208281337571,0.00169879524031217,0.000968580524803205,-3.94247614010304e-07,1.72274981654042e-06,-11.3875008930243,0.386032255333786,-0.547203765290588,0.00012884697552736,0.00263110528307221,5.23458988202014,-0.000666455090188982,-0.063861479412542,-8.33677334483189e-08,0.000194644825287953,NA,NA,NA,NA,NA
"84","sandyloam_2_12","sandyloam",12,2,-0.215745686659057,0.00173579657980945,0.00100839706146392,-4.31152611453308e-07,1.86217689241911e-06,-13.3761404350071,0.393067742160494,-0.505582181959547,0.000121748744580338,0.0025404198641783,5.23458988202014,-0.000666455090188982,-0.063861479412542,-8.33677334483189e-08,0.000194644825287953,NA,NA,NA,NA,NA
"85","silt_2_12","silt",12,2,-0.221440234361141,0.00185804677910098,0.000913850374521859,-6.1979957612875e-07,2.5654481871256e-06,-17.9502295300041,0.457663427956634,-0.506726894529251,4.46652120810929e-05,0.00264354014784599,5.23303335421512,-0.000672711228037259,-0.0638333925832378,-7.12575475421577e-08,0.000194555980606444,NA,NA,NA,NA,NA
"86","siltloam_2_12","siltloam",12,2,-0.22830601774684,0.00191680664611343,0.00108697475244454,-6.58754882556736e-07,1.69962922423414e-06,-17.2638960103878,0.473149518065747,-0.499320222740278,3.45537416907758e-05,0.00254386263500118,5.23458988202014,-0.000666455090188982,-0.063861479412542,-8.33677334483189e-08,0.000194644825287953,NA,NA,NA,NA,NA
"87","siltyclay_2_12","siltyclay",12,2,-0.206989003939778,0.0016006284371467,0.00100228917619167,-3.29593281938348e-07,1.43315987076741e-06,-9.31721859801809,0.364746530380014,-0.550937030889703,0.000135525368975394,0.00261042864941259,5.23458988202014,-0.000666455090188982,-0.063861479412542,-8.33677334483189e-08,0.000194644825287953,NA,NA,NA,NA,NA
"88","siltyclayloam_2_12","siltyclayloam",12,2,-0.215908603803182,0.00173344076709027,0.00101713901186624,-4.75654996104916e-07,1.83306574157143e-06,-15.871610672954,0.414946623052398,-0.49193208165505,8.70083109003237e-05,0.00250736136295554,5.23458988202014,-0.000666455090188982,-0.063861479412542,-8.33677334483189e-08,0.000194644825287953,NA,NA,NA,NA,NA
"89","clay_3.6_1","clay",1,3.6,-0.39264125282012,0.000435975176930001,0.00639497162714182,-4.49617779121648e-07,5.81781216168532e-05,-220.725990598143,-0.0398721375067658,4.02266700754928,2.34035233283767e-05,0.0181393042183543,-18.3667169551047,-0.106927479816926,0.105607011813259,0.000141233614206597,0.0119653281783182,-188.752385340965,-0.398862651489173,4.29459971301209,-0.000108314114165531,0.0164298408436857
"90","clayloam_3.6_1","clayloam",1,3.6,-0.288577727584405,0.000730219921757057,-0.000255366502112823,-6.3842427048127e-07,0.000100502909663962,-54.929788004093,-0.014502454846771,-0.594744628328748,6.10884577174252e-05,0.0429485038481509,56.8698331939108,-0.0329345205240882,-1.56503641297686,8.8056051786638e-05,0.0182939967823226,-164.493578709913,-0.400386879565589,1.48629259989709,-3.47996457876835e-05,0.0355149433753373
"91","loam_3.6_1","loam",1,3.6,-0.294363571327075,0.000693595902617417,0.000124402781441811,-6.12506318317213e-07,9.86432397669347e-05,-68.7630584953937,-0.0247710053132371,-0.276737276172533,6.80413553352986e-05,0.0415229890430681,49.0601114243813,-0.0263949611727436,-1.24343210579074,9.0176948611802e-05,0.0150360979948663,-166.490991679408,-0.434604982604922,1.66913891572724,-8.6368468389851e-06,0.0344818243743631
"92","loamysand_3.6_1","loamysand",1,3.6,-0.266737206791761,0.000739080452108759,-0.00154510089275927,-6.28136864598491e-07,0.000109357985741764,-39.4899743415831,-0.0127807875761084,-0.95617217895939,6.30226804693899e-05,0.0447664705262674,47.7903369815758,-0.0105357150103471,-1.07282265336293,3.18963282844353e-05,0.0167388698369191,-163.586013740957,-0.420492501183711,1.32988986004082,-2.96114208014952e-05,0.0365860567011679
"93","sandyclay_3.6_1","sandyclay",1,3.6,-0.40404811116837,0.000490809886423677,0.00736406119892299,-4.68661007184895e-07,4.67124720986738e-05,-178.988384554632,0.0287255529653371,3.42346161018745,-3.15103534427687e-05,0.018375885600394,-17.2424611106247,-0.116651654419699,0.224554204786878,0.000113174993640335,0.0140115190734552,-184.902746833698,-0.282685547761398,4.01454204519269,-0.000204732103280446,0.0160946741030808
"94","sandyclayloam_3.6_1","sandyclayloam",1,3.6,-0.286270174520486,0.000758733532145037,-0.000395473977953804,-6.58202764096898e-07,0.000100596302109021,-48.0687400855215,-0.00820053233457763,-0.744815487647166,5.67242548683198e-05,0.0435441642299483,61.5789242990746,-0.043067568783744,-1.84793419050895,8.95265135970646e-05,0.0214170046563629,-163.968019748847,-0.392304862828219,1.42643516566944,-4.82249388917777e-05,0.0358606925197955
"95","sandyloam_3.6_1","sandyloam",1,3.6,-0.270523009034605,0.000739948449123732,-0.00132805112428612,-6.33163497676257e-07,0.000107855563074961,-39.5735464565868,-0.0121804322325694,-0.948116662053258,6.22514441001774e-05,0.0446951436099432,59.0559529315793,-0.00865983246981839,-1.38900243920202,3.90835453967275e-05,0.0179932445686066,-163.021118713793,-0.402406209744228,1.30152906607483,-3.67449429325845e-05,0.036728153470327
"96","silt_3.6_1","silt",1,3.6,-0.279400800249788,0.00076481358773127,-0.00100766700402231,-6.90226199378841e-07,0.000106665910456433,-59.4829575987682,-0.0247253094716083,-0.510472664977321,6.21470555061863e-05,0.0430517297317049,31.9261367565682,-0.000392225335097408,-0.429415213028513,5.78891798433445e-05,0.00818557894575009,-166.635724442284,-0.501262695109167,1.61695850132652,7.1168936139091e-05,0.0353692583283314
"97","siltloam_3.6_1","siltloam",1,3.6,-0.295390988381399,0.000655078959250285,0.000232241260862886,-5.80147769167083e-07,9.86767340753128e-05,-94.4825550080066,-0.0521443793622163,0.34266296051424,8.95200860627408e-05,0.0387384502484124,30.0757075944784,-0.00975362423245673,-0.516257685860064,8.76208842219883e-05,0.0073313620204965,-170.581409299029,-0.522633137780118,2.03675132824226,7.48687420509346e-05,0.0324744034832759
"98","siltyclay_3.6_1","siltyclay",1,3.6,-0.35455376782627,0.000550804054260989,0.0039454640455972,-5.22884343843859e-07,7.3644708123342e-05,-179.020637017619,-0.0344347616491126,2.66722051388959,4.38602067102854e-05,0.0257248741747293,1.51867178621907,-0.0889719529101732,-0.425689147430543,0.000137634325729135,0.014030968590505,-180.850090305704,-0.402145005797835,3.38204188030089,-7.73794049782918e-05,0.0225847112573612
"99","siltyclayloam_3.6_1","siltyclayloam",1,3.6,-0.307199282585553,0.000674234052500267,0.00088992352860629,-6.05879507577792e-07,9.37227419177423e-05,-119.95511013409,-0.0320689783479425,0.912873651626693,6.79744079332321e-05,0.0354799895803323,28.8792607246167,-0.0331295055798813,-0.721455842033883,0.000108505039226885,0.0110366939613822,-171.732091452284,-0.446466578655387,2.27753379144789,2.6646665035051e-07,0.0302473971989026
"100","clay_3.6_3","clay",3,3.6,-0.382325855976551,0.00218299471977939,0.00651556312829663,-1.31254015988914e-06,-9.11709366762795e-06,-102.063866064861,0.836752111380687,1.46532183487485,-0.00048979426337951,0.000972170784796133,10.8862051334675,0.0205728341988759,-0.0922764485640264,-2.54152648705004e-05,0.000838560807390108,-163.185664934628,0.478177603815273,2.92004866624063,-0.000608869267927548,-0.00442261777411476
"101","clayloam_3.6_3","clayloam",3,3.6,-0.461408857956685,0.0019918328374144,0.00987370345366614,-1.47177161369676e-06,-1.3418345663165e-05,-165.978065652116,0.750037981363219,3.1191271777223,-0.000523554370955007,-0.00101173371829479,4.91837050922215,0.00575371809869176,-0.00584799770449122,-1.26862792069982e-05,0.000818646431003416,-174.750160451634,0.356587387212385,3.94943799813844,-0.000626310616965282,-0.004597605842542
"102","loam_3.6_3","loam",3,3.6,-0.505042946383744,0.00170230895030383,0.0121650461130206,-1.39108479418777e-06,-1.69704164785188e-05,-197.765086988692,0.658672023951224,4.11524936564328,-0.000507271620576325,-0.00255125888131031,2.36909127414186,-0.00313049358133848,0.0323137420422076,-1.87804382451974e-06,0.000694991493669483,-182.898420763981,0.242094331044818,4.65959774689267,-0.000593516762831546,-0.00527646403389817
"103","loamysand_3.6_3","loamysand",3,3.6,-0.42676886644438,0.00149366868743754,0.00961130653439863,-9.94437454320023e-07,-1.20898342807475e-05,-123.353021981499,0.524244296433737,2.42342992092251,-0.000306121855332001,0.00255077729070195,7.17946902545669,0.00484009035522553,-0.080582989245596,-7.72218017656969e-06,0.00132741306442445,-176.616890425908,0.114312723156301,3.8209193648345,-0.000406818239153716,-0.00288217811635122
"104","sandyclay_3.6_3","sandyclay",3,3.6,-0.344272367001087,0.00188246457845406,0.00590202906743905,-9.20913179927342e-07,-1.06799133165151e-05,-71.0268082199007,0.672179889006632,1.02938504545665,-0.000283537900733192,0.000823141617109134,12.249570426021,0.0240018974334114,-0.118873430509744,-2.53211372735787e-05,0.000904061865989548,-162.263838762855,0.364140838286735,2.72387805720263,-0.000448753866270419,-0.00501714074220896
"105","sandyclayloam_3.6_3","sandyclayloam",3,3.6,-0.438345098419067,0.00200484343443079,0.00902744260752741,-1.39939829200772e-06,-1.29444331064486e-05,-142.330755761917,0.737016794853879,2.59411481798292,-0.000472408118502613,-0.000305397441131021,7.01330658333375,0.0101048603034928,-0.0418006646296702,-1.61704023043133e-05,0.000946384985958349,-172.386664508105,0.346524160913482,3.69943821079088,-0.000583214867032379,-0.00470789124253302
"106","sandyloam_3.6_3","sandyloam",3,3.6,-0.467122134731633,0.00170624685563833,0.0106745094681346,-1.26409598902282e-06,-1.39020877596774e-05,-157.612513798759,0.63611063927521,3.20794896735837,-0.000437730860986455,-7.02075240983039e-05,5.72694799325017,0.00285624977806026,-0.032141492143197,-1.01770194974722e-05,0.00112686788306457,-178.35621872227,0.239880439486499,4.17690163679244,-0.000545449016564453,-0.00408795323451349
"107","silt_3.6_3","silt",3,3.6,-0.540817401833602,0.00087999479646773,0.0140935225416203,-9.76591358475544e-07,-1.00889054279248e-06,-292.437725986754,0.352287802949311,6.50299230476116,-0.000389554312198818,-0.00310463853403818,-0.44262037998914,-0.0133653507782151,0.0498799399697776,1.17972868188032e-05,0.000657657321395297,-201.280146273849,-0.115193790317767,6.1289572889158,-0.000421864071735822,-0.00306521866597389
"108","siltloam_3.6_3","siltloam",3,3.6,-0.571669037701224,0.000832380183538841,0.0159459511621702,-9.64984098422039e-07,-1.28635804922898e-05,-310.503380859448,0.376799460704691,6.97785594250105,-0.000406482686263125,-0.00664066762427206,-0.0035925183573271,-0.0111875632383956,0.0739534910874157,1.59394166583854e-05,0.000137176248680263,-203.27284164307,-0.102296290223683,6.37901857293699,-0.000438902487352488,-0.00582446011015017
"109","siltyclay_3.6_3","siltyclay",3,3.6,-0.396877973357904,0.00220371364932194,0.006986706917613,-1.38511048171552e-06,-9.34029036236736e-06,-116.753444912293,0.847627675878568,1.77545393437072,-0.000521433795318586,0.000598758090959789,10.0314733641603,0.0183374590596782,-0.0763861886558346,-2.44024169893932e-05,0.00082020967380111,-164.867570642126,0.478518839823641,3.08582918352978,-0.00063492273116638,-0.0044104301342584
"110","siltyclayloam_3.6_3","siltyclayloam",3,3.6,-0.515588143246612,0.00183241796701286,0.0123583681279546,-1.53133378642522e-06,-1.85331662290485e-05,-214.454939807728,0.718279223275257,4.57693632727705,-0.000590711449323137,-0.00484096504288391,2.36836146343653,-0.00303225263452281,0.0558916633377516,-1.73560034944205e-06,0.000387090207972793,-184.723846989812,0.298724736045929,4.93170444228094,-0.000665409976697686,-0.00697565806651853
"111","clay_3.6_6","clay",6,3.6,-0.229828061840719,0.00161368831454053,0.00190571317777075,-3.87012058103708e-07,-8.94570126874319e-07,-18.2760040058065,0.482249711420775,-0.398645246821683,6.22432163562486e-06,0.00261310478797825,5.23458988202014,-0.000666455090188982,-0.063861479412542,-8.33677334483189e-08,0.000194644825287953,-157.609072202697,0.131810944842398,2.01036472613176,-0.000109087893630743,-0.00568169718306319
"112","clayloam_3.6_6","clayloam",6,3.6,-0.24737712616917,0.0018383339873696,0.00203755192406363,-6.06849658493666e-07,-5.28965623450659e-07,-30.1164969507159,0.567128364934955,-0.2726833478583,-7.15875778783217e-05,0.00257353025526946,5.23458988202014,-0.000666455090188982,-0.063861479412542,-8.33677334483189e-08,0.000194644825287953,-157.199638866789,0.181822415812971,2.01938840996806,-0.000164756901428636,-0.0054867252126847
"113","loam_3.6_6","loam",6,3.6,-0.26255275779493,0.00196824265723873,0.00234656140648425,-7.5337960415873e-07,-1.26893180609128e-06,-34.502718270758,0.632114972113932,-0.208272259020178,-0.000140192558308475,0.00259154031630032,5.23458988202014,-0.000666455090188982,-0.063861479412542,-8.33677334483189e-08,0.000194644825287953,-157.040501611406,0.222641981679778,2.0436988333865,-0.000213055421103977,-0.00537781815564256
"114","loamysand_3.6_6","loamysand",6,3.6,-0.244385760391614,0.00180814096233145,0.00198856466392185,-5.71838921064266e-07,-3.56141700800137e-07,-27.0544788582676,0.514771713832663,-0.263436685736014,-1.71268864395481e-05,0.00240998515478064,5.23458988202014,-0.000666455090188982,-0.063861479412542,-8.33677334483189e-08,0.000194644825287953,-158.952605540617,0.108266335301437,2.10712341910885,-0.000109057927478353,-0.0059941569983761
"115","sandyclay_3.6_6","sandyclay",6,3.6,-0.227070172018396,0.00143390022857217,0.00232651340057041,-1.89702071492392e-07,-3.48215505790391e-06,-10.8736489898258,0.390758474337878,-0.313570968840236,9.51309208871618e-05,0.00188744528255263,5.23458988202014,-0.000666455090188982,-0.063861479412542,-8.33677334483189e-08,0.000194644825287953,-158.586469268275,0.0889293503121216,2.06877049911237,-6.76879110064724e-05,-0.00604124043602319
"116","sandyclayloam_3.6_6","sandyclayloam",6,3.6,-0.244535443211796,0.00180127910451471,0.00202860313278492,-5.49748761821001e-07,-7.62070673296173e-07,-26.4830829971383,0.545880623926496,-0.306923878718114,-4.4346095263307e-05,0.0025595587723649,5.23458988202014,-0.000666455090188982,-0.063861479412542,-8.33677334483189e-08,0.000194644825287953,-157.651614094066,0.162577410727945,2.0458902759296,-0.000147103589156004,-0.00565748832553411
"117","sandyloam_3.6_6","sandyloam",6,3.6,-0.250826246159792,0.00184807912946979,0.00216523350452545,-6.02554535872167e-07,-9.76276932226556e-07,-29.8021759227087,0.560157711234915,-0.236710941636541,-6.08465924785508e-05,0.00244453795145779,5.23458988202014,-0.000666455090188982,-0.063861479412542,-8.33677334483189e-08,0.000194644825287953,-157.73266805367,0.169977086692985,2.05986481902144,-0.000158414942140503,-0.00563919496822226
"118","silt_3.6_6","silt",6,3.6,-0.294954805332943,0.00218601407573593,0.00312816510345777,-1.03826205337917e-06,-2.97238800318376e-06,-50.6582122852907,0.797140556812669,-0.0389507685125003,-0.000327095093154465,0.00276040663873127,5.23336763964189,-0.000671367637705023,-0.0638394246102215,-7.38583739817882e-08,0.000194575061205056,-155.989057451656,0.335593608780822,2.05190271600026,-0.000336647725409802,-0.00481613887572721
"119","siltloam_3.6_6","siltloam",6,3.6,-0.321812708054771,0.00223696990009321,0.00415638991294944,-1.12595813439206e-06,-6.38777717318076e-06,-61.0865492229719,0.841834122584696,0.305075700222638,-0.000390879816297299,0.00180584926038966,5.23458988202014,-0.000666455090188982,-0.063861479412542,-8.33677334483189e-08,0.000194644825287953,-157.761173549232,0.369023816710562,2.26621783868059,-0.000400044034147723,-0.00529411012088046
"120","siltyclay_3.6_6","siltyclay",6,3.6,-0.232273450467269,0.00167759761887794,0.0018253309731632,-4.50697176695357e-07,-3.07232479284376e-07,-22.4788141654616,0.501529401520001,-0.370377756749018,-9.17417072425004e-06,0.00262570382423914,5.23458988202014,-0.000666455090188982,-0.063861479412542,-8.33677334483189e-08,0.000194644825287953,-157.437732457472,0.140910914710789,2.00212783822124,-0.000117991659860055,-0.00561565903615948
"121","siltyclayloam_3.6_6","siltyclayloam",6,3.6,-0.264595800529131,0.00200361808234538,0.00233523540751861,-8.16695863718953e-07,-1.10096826729854e-06,-37.1081929271613,0.657394374118562,-0.200282429722098,-0.000172068280143859,0.00265269460060049,5.23458988202014,-0.000666455090188982,-0.063861479412542,-8.33677334483189e-08,0.000194644825287953,-156.444932563323,0.245492568712124,2.00771990272052,-0.000232208619105144,-0.00517546214646738
"122","clay_3.6_12","clay",12,3.6,-0.203411032477638,0.0015191208311457,0.00107952525942466,-3.03410681352462e-07,8.31492963513363e-07,-5.61944667839869,0.357721548847289,-0.601658588254071,0.000129214314020761,0.00272804189365962,5.23458988202014,-0.000666455090188982,-0.063861479412542,-8.33677334483189e-08,0.000194644825287953,NA,NA,NA,NA,NA
"123","clayloam_3.6_12","clayloam",12,3.6,-0.209723107618072,0.00166562377375456,0.000930025698641557,-4.29640745133021e-07,2.00131696548463e-06,-13.7350286115566,0.391934301149868,-0.534197528082275,0.000107055558539145,0.00264302047264109,5.23458988202014,-0.000666455090188982,-0.063861479412542,-8.33677334483189e-08,0.000194644825287953,NA,NA,NA,NA,NA
"124","loam_3.6_12","loam",12,3.6,-0.214257838149204,0.00173532307361378,0.000941306924602077,-4.93580913877651e-07,2.10218955583913e-06,-14.5901560372136,0.415530191428283,-0.538144661537043,8.6726192554306e-05,0.00268432229386246,5.23458988202014,-0.000666455090188982,-0.063861479412542,-8.33677334483189e-08,0.000194644825287953,NA,NA,NA,NA,NA
"125","loamysand_3.6_12","loamysand",12,3.6,-0.21737521778973,0.00182084433029237,0.000839078082591536,-5.40041838778511e-07,2.83627174888439e-06,-13.1248507746063,0.41498558948429,-0.566712039800922,0.000104534241309481,0.00285908841060464,5.23458988202014,-0.000666455090188982,-0.063861479412542,-8.33677334483189e-08,0.000194644825287953,NA,NA,NA,NA,NA
"126","sandyclay_3.6_12","sandyclay",12,3.6,-0.206155988628429,0.00144588092792315,0.00145007244416629,-2.04683751759853e-07,-1.26872317052736e-06,-0.911993150371899,0.310036063808003,-0.531362275260901,0.000176300867474407,0.00222997018582776,5.23458988202014,-0.000666455090188982,-0.063861479412542,-8.33677334483189e-08,0.000194644825287953,NA,NA,NA,NA,NA
"127","sandyclayloam_3.6_12","sandyclayloam",12,3.6,-0.209943956893712,0.00168684355576485,0.00090129458691649,-4.24974596425582e-07,1.93119864499876e-06,-11.5354209305931,0.390389561571956,-0.572484815396636,0.00011644426005449,0.0027318619651711,5.23458988202014,-0.000666455090188982,-0.063861479412542,-8.33677334483189e-08,0.000194644825287953,NA,NA,NA,NA,NA
"128","sandyloam_3.6_12","sandyloam",12,3.6,-0.213642001009736,0.00173101629946651,0.000928025922006546,-4.63041220451053e-07,2.13901292420079e-06,-13.5986805426207,0.397231306572288,-0.531230936070178,0.000111116311638256,0.0026462754318974,5.23458988202014,-0.000666455090188982,-0.063861479412542,-8.33677334483189e-08,0.000194644825287953,NA,NA,NA,NA,NA
"129","silt_3.6_12","silt",12,3.6,-0.217903739013283,0.00180700192553746,0.000890077633492943,-6.40179852247385e-07,2.61076277977949e-06,-17.8033053275789,0.465143617601206,-0.544156932315116,2.37814916943156e-05,0.00279283754365703,5.23267638990203,-0.000674145971407672,-0.0638269513261677,-6.84802735515127e-08,0.00019453560552506,NA,NA,NA,NA,NA
"130","siltloam_3.6_12","siltloam",12,3.6,-0.224299222656967,0.00185623218585517,0.00106527098833079,-6.50889286661426e-07,1.7559312330188e-06,-17.1555169895971,0.475853012721938,-0.529183739425511,2.24981921987575e-05,0.00266660196038297,5.23458988202014,-0.000666455090188982,-0.063861479412542,-8.33677334483189e-08,0.000194644825287953,NA,NA,NA,NA,NA
"131","siltyclay_3.6_12","siltyclay",12,3.6,-0.204497599609315,0.00156454687760022,0.000987682531789699,-3.5098739252887e-07,1.43258586867756e-06,-9.46578246447996,0.367785931433733,-0.571357278200215,0.000122744928476156,0.00269331627105881,5.23458988202014,-0.000666455090188982,-0.063861479412542,-8.33677334483189e-08,0.000194644825287953,NA,NA,NA,NA,NA
"132","siltyclayloam_3.6_12","siltyclayloam",12,3.6,-0.212683018443947,0.00168088613419699,0.00101146603482215,-4.84492924451976e-07,1.80593205985668e-06,-15.9237247035553,0.417342832207611,-0.515479891955389,7.435975659816e-05,0.00260490802953881,5.23458988202014,-0.000666455090188982,-0.063861479412542,-8.33677334483189e-08,0.000194644825287953,NA,NA,NA,NA,NA
