allcats,soiltype,WTD,rootdepth,LAIIntercept,LAIwbx,LAIwb2x,LAIwb3x,aetIntercept,aetwbx,aetwb2x,aetwb3x,aetgwIntercept,aetgwwbx,aetgwwb2x,aetgwwb3x,gwsubsIntercept,gwsubswbx,gwsubswb2x,gwsubswb3x
clay_0.5_1,clay,1,0.5,1.050540428,0.036814262,0.002562334,4.11E-05,387.6490428,18.55356662,1.330202554,0.013646207,31.67801903,6.797354003,0.474311667,0.010783659,-2.956245136,-17.43722208,1.078802573,0.048864208
clayloam_0.5_1,clayloam,1,0.5,1.068228098,0.018616649,0.004221231,9.32E-05,415.7344737,7.415437739,1.279104725,0.002694109,9.397110615,2.250671659,0.17276827,0.004257076,-21.18258069,-39.35737697,0.123825388,0.014033831
loam_0.5_1,loam,1,0.5,1.070161456,0.016664673,0.004871791,0.000113465,412.9747357,4.487240254,1.306587014,0.003242964,20.43338296,4.557552104,0.329351339,0.007720779,-23.32771265,-41.89483904,0.139200608,0.013226354
loamysand_0.5_1,loamysand,1,0.5,1.06178283,0.025610553,0.0077304,0.00012604,429.1892151,18.54255039,3.888710128,0.050222308,2.653630513,0.798652085,0.071409677,0.001956244,-26.25874313,-44.99271569,0.705435235,-0.00180295
sandyclay_0.5_1,sandyclay,1,0.5,1.025145221,0.063220156,0.003623686,6.03E-05,357.75908,26.22260013,1.818492249,0.031025219,14.90182197,3.341544535,0.242686181,0.005715125,6.325713778,-6.235683354,1.477179378,0.05428197
sandyclayloam_0.5_1,sandyclayloam,1,0.5,1.060493187,0.026615745,0.00399397,8.23E-05,411.7016546,12.04516781,1.490801871,0.009201489,5.012294153,1.281181897,0.103489408,0.002652082,-17.94468309,-35.49009002,0.154579908,0.013776675
sandyloam_0.5_1,sandyloam,1,0.5,1.065847692,0.021293869,0.006664224,0.000133873,415.6371769,8.713732873,2.524019978,0.026320013,2.689835715,0.807589828,0.072108562,0.00197366,-24.19089946,-42.6364357,0.769867942,0.018264644
silt_0.5_1,silt,1,0.5,1.049642682,0.038441492,0.011038564,0.000249993,415.4878758,18.14873073,4.464979637,0.085026217,26.22404302,5.660775048,0.397805839,0.009109428,-4.338010417,-17.93688819,4.394373106,0.127927583
siltloam_0.5_1,siltloam,1,0.5,1.068350529,0.018715323,0.007080619,0.000183046,399.9966858,0.187757284,1.644749077,0.01746784,47.47536182,9.11617698,0.571832741,0.011761407,-18.1241291,-35.29171956,1.550967745,0.057444515
siltyclay_0.5_1,siltyclay,1,0.5,1.058791884,0.028250131,0.002408358,3.95E-05,399.8460735,15.5011787,1.175102827,0.007099768,26.72390509,5.938162329,0.427056918,0.009961257,-7.851494747,-23.35672736,0.752590917,0.039053862
siltyclayloam_0.5_1,siltyclayloam,1,0.5,1.072700761,0.013984306,0.004316426,0.000106655,411.4545129,3.011878043,0.902512595,-0.003644234,40.6995317,8.419566769,0.567461274,0.012496779,-20.70294225,-38.76761357,0.29320555,0.023862027
clay_0.5_3,clay,3,0.5,1.04294549,0.044285429,-0.002771078,-0.000170364,387.0705252,33.68558517,0.680231839,-0.013308808,2.653630513,0.798652085,0.071409677,0.001956244,12.42299155,0.771325593,0.598567062,0.024410435
clayloam_0.5_3,clayloam,3,0.5,1.047925794,0.03914129,-0.002485051,-0.000149315,389.9678476,30.70663887,0.671373176,-0.010137225,2.653630513,0.798652085,0.071409677,0.001956244,10.49761886,-1.521703517,0.655809921,0.029253836
loam_0.5_3,loam,3,0.5,1.048767209,0.038322839,-0.001743279,-0.000115799,385.0132622,28.05700999,0.72900844,-0.004871835,2.653630513,0.798652085,0.071409677,0.001956244,9.56798057,-2.594471932,0.818216275,0.036601899
loamysand_0.5_3,loamysand,3,0.5,1.016857253,0.071632832,0.001244938,-3.88E-05,349.5487262,36.1454602,1.638135424,0.023130711,2.653630513,0.798652085,0.071409677,0.001956244,15.14395921,4.133318917,0.990456368,0.035019257
sandyclay_0.5_3,sandyclay,3,0.5,1.02228566,0.065885765,-0.000358621,-9.82E-05,357.1632842,36.45662101,1.223861139,0.006598947,2.653630513,0.798652085,0.071409677,0.001956244,17.35209732,6.802154897,1.223307416,0.046076203
sandyclayloam_0.5_3,sandyclayloam,3,0.5,1.038193683,0.049307839,-0.001470526,-0.000121203,376.5655003,32.0815804,0.882701032,-0.002856919,2.653630513,0.798652085,0.071409677,0.001956244,12.66602747,1.121633691,0.840360035,0.033453131
sandyloam_0.5_3,sandyloam,3,0.5,1.036527137,0.051078327,-0.000893567,-9.92E-05,373.0526764,31.88170441,1.043657859,0.003697961,2.653630513,0.798652085,0.071409677,0.001956244,12.59461462,1.059750731,0.929921562,0.036755851
silt_0.5_3,silt,3,0.5,1.067594138,0.018830655,-0.001339514,-7.27E-05,398.5024335,19.84920776,0.558434957,-0.005607104,2.653630513,0.798652085,0.071409677,0.001956244,2.008590798,-11.65025583,0.748876289,0.041396937
siltloam_0.5_3,siltloam,3,0.5,1.067124695,0.019344844,-0.000993723,-6.28E-05,406.6716374,18.74084251,0.500299673,-0.008612598,3.027554977,0.890960385,0.078627702,0.002136119,0.259829318,-13.75549381,0.640959993,0.037138915
siltyclay_0.5_3,siltyclay,3,0.5,1.04756576,0.039456625,-0.003285418,-0.000185326,395.7076864,33.503145,0.60829964,-0.016272764,2.653630513,0.798652085,0.071409677,0.001956244,11.65355806,-0.166010074,0.533321221,0.022846149
siltyclayloam_0.5_3,siltyclayloam,3,0.5,1.061485646,0.025030312,-0.00315167,-0.000155473,403.0048546,25.74350392,0.326781729,-0.018581428,2.653630513,0.798652085,0.071409677,0.001956244,5.758029834,-7.261983299,0.400068242,0.025606139
clay_0.5_6,clay,6,0.5,1.040089403,0.047194255,-0.003500155,-0.000206945,399.1821351,39.29731091,0.739742136,-0.018372503,2.653630513,0.798652085,0.071409677,0.001956244,14.80571665,3.590178431,0.417323379,0.012929361
clayloam_0.5_6,clayloam,6,0.5,1.043296636,0.043854458,-0.003688699,-0.000209828,404.8518759,38.80258763,0.71889478,-0.018339586,2.653630513,0.798652085,0.071409677,0.001956244,14.60506022,3.349161067,0.415602622,0.013160837
loam_0.5_6,loam,6,0.5,1.043837053,0.043303858,-0.003551032,-0.000202548,401.9495728,37.53896639,0.679760593,-0.018014554,2.653630513,0.798652085,0.071409677,0.001956244,14.39870585,3.103016772,0.42186804,0.013747062
loamysand_0.5_6,loamysand,6,0.5,1.017066125,0.071329166,5.95E-05,-8.87E-05,361.4778403,39.68790308,1.381461523,0.00882481,2.653630513,0.798652085,0.071409677,0.001956244,15.18829491,4.048005607,0.407585503,0.011763767
sandyclay_0.5_6,sandyclay,6,0.5,1.006901778,0.082019834,0.002090748,-2.07E-05,439.5039596,64.58927034,3.854799479,0.076912849,14.82898841,3.351321004,0.24483692,0.005791329,-7.406492276,-23.8207751,-3.42217276,-0.126836314
sandyclayloam_0.5_6,sandyclayloam,6,0.5,1.035705045,0.051804143,-0.002630678,-0.000175844,391.6873368,38.40689252,0.827176495,-0.013050945,2.653630513,0.798652085,0.071409677,0.001956244,14.84356902,3.643411784,0.450528918,0.014200466
sandyloam_0.5_6,sandyloam,6,0.5,1.034221628,0.053364058,-0.002334864,-0.000165398,388.9058803,38.55104061,0.917235575,-0.009373197,2.653630513,0.798652085,0.071409677,0.001956244,14.85898249,3.659732523,0.439907991,0.013701142
silt_0.5_6,silt,6,0.5,1.058826719,0.027627646,-0.005352811,-0.000256293,414.1316886,35.53070457,0.397786767,-0.027026961,2.653630513,0.798652085,0.071409677,0.001956244,13.3465547,1.820163971,0.331328623,0.011673266
siltloam_0.5_6,siltloam,6,0.5,1.058289277,0.028225651,-0.00478234,-0.000230499,414.4083646,33.070709,0.26367655,-0.028943432,2.653630513,0.798652085,0.071409677,0.001956244,12.36436471,0.642970259,0.335853568,0.013398375
siltyclay_0.5_6,siltyclay,6,0.5,1.044026282,0.043072339,-0.004040748,-0.00022437,407.5892343,39.71448144,0.700460821,-0.020706654,2.653630513,0.798652085,0.071409677,0.001956244,14.72713205,3.493075438,0.404287208,0.012494688
siltyclayloam_0.5_6,siltyclayloam,6,0.5,1.053250625,0.033443853,-0.004893881,-0.00024574,417.3823124,37.63826173,0.493635714,-0.02619849,2.653630513,0.798652085,0.071409677,0.001956244,13.86175251,2.443297725,0.353491864,0.011771404
clay_0.5_12,clay,12,0.5,1.039929367,0.047341154,-0.003755435,-0.000217388,403.3240589,40.73815586,0.739360009,-0.020438493,2.653630513,0.798652085,0.071409677,0.001956244,NA,NA,NA,NA
clayloam_0.5_12,clayloam,12,0.5,1.04245936,0.044707479,-0.003891946,-0.000219126,409.4429485,40.56453677,0.727155292,-0.020462395,2.653630513,0.798652085,0.071409677,0.001956244,NA,NA,NA,NA
loam_0.5_12,loam,12,0.5,1.042606254,0.044563708,-0.003770719,-0.000213066,407.1036906,39.64633922,0.691318762,-0.020439953,2.653630513,0.798652085,0.071409677,0.001956244,NA,NA,NA,NA
loamysand_0.5_12,loamysand,12,0.5,1.016590695,0.071819708,3.05E-05,-9.00E-05,363.3846757,40.17576485,1.352139071,0.006981401,2.653630513,0.798652085,0.071409677,0.001956244,NA,NA,NA,NA
sandyclay_0.5_12,sandyclay,12,0.5,1.026464043,0.061436891,-0.00208656,-0.000187135,353.8325498,35.92134221,1.057040867,0.009535207,2.978348747,0.993768064,0.09988457,0.003126385,NA,NA,NA,NA
sandyclayloam_0.5_12,sandyclayloam,12,0.5,1.035180794,0.052330564,-0.002859661,-0.00018554,396.4369003,39.9888957,0.811449771,-0.015887498,2.653630513,0.798652085,0.071409677,0.001956244,NA,NA,NA,NA
sandyloam_0.5_12,sandyloam,12,0.5,1.033505747,0.054093387,-0.002507288,-0.000173062,393.2624348,40.01791387,0.903330963,-0.011964848,2.653630513,0.798652085,0.071409677,0.001956244,NA,NA,NA,NA
silt_0.5_12,silt,12,0.5,1.056762961,0.029742407,-0.005697406,-0.000274019,418.9038784,38.56384642,0.469117283,-0.028237508,2.653630513,0.798652085,0.071409677,0.001956244,NA,NA,NA,NA
siltloam_0.5_12,siltloam,12,0.5,1.054442579,0.032188536,-0.005135942,-0.000251141,420.6636568,37.4579864,0.351230075,-0.031179611,2.653630513,0.798652085,0.071409677,0.001956244,NA,NA,NA,NA
siltyclay_0.5_12,siltyclay,12,0.5,1.043622589,0.043474931,-0.004255072,-0.000233482,411.5493407,41.17763039,0.706724101,-0.022507673,2.653630513,0.798652085,0.071409677,0.001956244,NA,NA,NA,NA
siltyclayloam_0.5_12,siltyclayloam,12,0.5,1.051472783,0.035273235,-0.005083186,-0.000255858,421.8434435,40.06255664,0.544187722,-0.027430587,2.653630513,0.798652085,0.071409677,0.001956244,NA,NA,NA,NA
clay_2_1,clay,1,2,1.055584704,0.032093372,0.008202121,9.45E-05,426.16244,15.69525757,3.459721064,0.039682105,125.5874537,12.7198146,1.353572609,0.0209646,-13.35846953,-29.06825855,2.882222491,0.074656368
clayloam_2_1,clayloam,1,2,1.056579448,0.031007021,0.006574119,-0.000103608,491.7421469,41.68464741,5.411645313,0.028360347,120.1967755,12.46506832,1.177481181,0.006182092,-3.968281706,-17.23892676,3.581375128,0.028491808
loam_2_1,loam,1,2,1.054640526,0.033054804,0.007121169,-7.73E-05,488.862538,42.08213155,5.613686157,0.040165656,116.9203056,13.4179289,1.218190667,0.018286928,-0.067455272,-12.4371924,4.240384273,0.053684985
loamysand_2_1,loamysand,1,2,1.063289487,0.023926265,0.004520339,-0.000237452,506.2566505,39.29798724,4.348745942,-0.034972934,117.0152699,5.467605702,0.483412457,-0.027569919,-13.00327541,-28.37889425,1.54565293,-0.065384265
sandyclay_2_1,sandyclay,1,2,1.062479964,0.024746057,0.005751746,3.57E-05,435.2681455,14.60185123,2.561447778,0.006021303,132.7394239,9.799647076,1.268313657,0.009122893,-19.6043917,-36.92935065,1.305073731,0.020781213
sandyclayloam_2_1,sandyclayloam,1,2,1.057465381,0.030068867,0.006349455,-0.000105807,491.9442023,40.81460032,5.231530595,0.0207947,122.0126351,11.59169219,1.161780152,-0.004208875,-4.576350533,-17.99089926,3.443626258,0.022450347
sandyloam_2_1,sandyloam,1,2,1.063651286,0.023548209,0.004517321,-0.000231668,505.8693665,39.09537685,4.327149296,-0.035307849,115.4216433,5.729403245,0.417232075,-0.031118281,-12.41163995,-27.64144329,1.68023387,-0.060326436
silt_2_1,silt,1,2,1.061881619,0.025409823,0.004876249,-0.000219444,506.4099309,39.68537834,4.413709568,-0.032300447,106.1795251,12.61461127,1.02552817,0.021985184,-8.717903738,-23.10296641,2.151758478,-0.046682427
siltloam_2_1,siltloam,1,2,1.05268817,0.035109986,0.007504312,-6.90E-05,485.6886821,43.75509238,6.063681274,0.062845622,92.06511023,10.52446728,0.535201769,0.010423876,8.06737731,-2.422597179,5.547811268,0.101053018
siltyclay_2_1,siltyclay,1,2,1.053405374,0.034384679,0.00838987,6.37E-05,436.8410872,22.76674929,4.335770295,0.055331717,125.3225953,13.64672867,1.438154425,0.023047558,-8.061551606,-22.4382856,3.75179565,0.090663089
siltyclayloam_2_1,siltyclayloam,1,2,1.051372136,0.036507763,0.008145682,-1.56E-05,467.315006,38.43475599,5.88757662,0.07723716,113.3495294,14.3065183,1.241680995,0.031287744,3.449392742,-8.132833014,5.265035833,0.112397543
clay_2_3,clay,3,2,1.098153021,-0.013410874,-0.008914926,-0.000354831,459.468721,17.12762361,-1.47206703,-0.08581032,2.653630513,0.798652085,0.071409677,0.001956244,-20.89597856,-40.03613401,-3.175577752,-0.08220913
clayloam_2_3,clayloam,3,2,1.104839623,-0.020196539,-0.006929072,-0.000265278,445.1931544,5.066914762,-1.708743936,-0.08355431,2.653630513,0.798652085,0.071409677,0.001956244,-26.35383149,-46.48846266,-2.871243458,-0.064903047
loam_2_3,loam,3,2,1.102559717,-0.017657503,-0.004581504,-0.000174132,430.2282543,-0.670756644,-1.533173622,-0.071666308,2.653630513,0.798652085,0.071409677,0.001956244,-25.94416734,-45.80004081,-2.091216153,-0.036246946
loamysand_2_3,loamysand,3,2,1.075039961,0.010966664,-0.003395133,-0.00016492,419.4487811,19.08301361,0.121456527,-0.029391218,2.653630513,0.798652085,0.071409677,0.001956244,-3.28323375,-18.10187211,0.155721267,0.020542097
sandyclay_2_3,sandyclay,3,2,1.07943169,0.006110542,-0.007422518,-0.000316366,450.8350541,28.85364187,-0.405422827,-0.055477307,2.653630513,0.798652085,0.071409677,0.001956244,-7.348405295,-23.46201503,-1.721107233,-0.042154172
sandyclayloam_2_3,sandyclayloam,3,2,1.098738954,-0.013875011,-0.006973224,-0.000273399,446.0187311,10.87790698,-1.368427791,-0.075654776,2.653630513,0.798652085,0.071409677,0.001956244,-19.66315841,-38.33665243,-2.274890393,-0.049290805
sandyloam_2_3,sandyloam,3,2,1.095957769,-0.010854808,-0.005158628,-0.000206597,435.1782123,7.441004063,-1.122504959,-0.064427349,2.653630513,0.798652085,0.071409677,0.001956244,-19.49472638,-37.98438655,-1.717503357,-0.030023547
silt_2_3,silt,3,2,1.08538547,0.000760017,0.003371201,8.81E-05,384.7947424,-13.04480374,-0.297706442,-0.019121233,2.653630513,0.798652085,0.071409677,0.001956244,-23.40801369,-42.05043141,0.581650565,0.055381751
siltloam_2_3,siltloam,3,2,1.083449493,0.002803018,0.003939597,0.000121959,383.632641,-12.60494246,-0.2759498,-0.01470016,4.149217069,1.16809664,0.100315309,0.002676952,-20.14935383,-38.07715784,0.978644159,0.070543826
siltyclay_2_3,siltyclay,3,2,1.101975254,-0.017377177,-0.008958275,-0.000351782,459.0526962,13.80043615,-1.67937253,-0.090586642,2.653630513,0.798652085,0.071409677,0.001956244,-23.4932984,-43.18897867,-3.355574796,-0.086139154
siltyclayloam_2_3,siltyclayloam,3,2,1.107745381,-0.02307392,-0.005107486,-0.00018781,424.3486519,-7.05768497,-2.073229416,-0.08397061,2.653630513,0.798652085,0.071409677,0.001956244,-32.02342029,-53.2604849,-2.782168785,-0.053666137
clay_2_6,clay,6,2,1.062320077,0.023879697,-0.007098627,-0.000330625,457.4716996,44.23033277,0.528945581,-0.036020812,2.653630513,0.798652085,0.071409677,0.001956244,8.925417892,-3.636834018,-0.353625326,-0.010030835
clayloam_2_6,clayloam,6,2,1.071841288,0.01393596,-0.008058389,-0.000356923,463.0754406,40.78689675,0.175923242,-0.045975674,2.653630513,0.798652085,0.071409677,0.001956244,6.881088571,-6.137865371,-0.568687451,-0.015743993
loam_2_6,loam,6,2,1.077883408,0.007628613,-0.008626657,-0.000371702,465.3627569,37.67687093,-0.12202444,-0.054133156,2.653630513,0.798652085,0.071409677,0.001956244,4.982490052,-8.457655578,-0.754773891,-0.020464302
loamysand_2_6,loamysand,6,2,1.064480164,0.02164629,-0.007006212,-0.000322966,448.7774343,42.24664164,0.505779821,-0.033799651,2.653630513,0.798652085,0.071409677,0.001956244,13.05166374,1.444190638,0.230893042,0.007896322
sandyclay_2_6,sandyclay,6,2,1.05912336,0.027219194,-0.006750905,-0.000318794,453.1422613,46.42432716,0.80245057,-0.027169904,2.653630513,0.798652085,0.071409677,0.001956244,10.90849007,-1.20012807,-0.096603271,-0.002431899
sandyclayloam_2_6,sandyclayloam,6,2,1.0714533,0.014338132,-0.008058507,-0.000357205,463.9609183,41.40553942,0.212812083,-0.045240438,2.653630513,0.798652085,0.071409677,0.001956244,7.981800327,-4.78294926,-0.414444916,-0.011015143
sandyloam_2_6,sandyloam,6,2,1.073173702,0.012546188,-0.00816728,-0.000359332,463.5244466,40.96021421,0.213488829,-0.044544217,2.653630513,0.798652085,0.071409677,0.001956244,8.31406787,-4.371450694,-0.35654474,-0.009107001
silt_2_6,silt,6,2,1.086131395,-0.00096501,-0.009175607,-0.000381791,465.9731932,29.56840184,-0.888781077,-0.075250193,2.662146354,0.800754335,0.071574062,0.00196034,-1.83291759,-16.81073344,-1.541305914,-0.04248807
siltloam_2_6,siltloam,6,2,1.095542276,-0.010774503,-0.00985225,-0.000394322,466.6458993,24.00339189,-1.327918221,-0.085831721,2.653630513,0.798652085,0.071409677,0.001956244,-5.855596978,-21.71112078,-1.871470468,-0.04985949
siltyclay_2_6,siltyclay,6,2,1.064109292,0.022011547,-0.00727295,-0.000335358,458.790975,43.53356868,0.450095678,-0.038359966,2.653630513,0.798652085,0.071409677,0.001956244,8.663355712,-3.95842839,-0.385747964,-0.010958382
siltyclayloam_2_6,siltyclayloam,6,2,1.076643469,0.008929624,-0.008418845,-0.000364695,463.096526,36.39283662,-0.231349149,-0.056948601,2.653630513,0.798652085,0.071409677,0.001956244,3.404387705,-10.39851074,-0.967773352,-0.02688593
clay_2_12,clay,12,2,1.05364944,0.032924506,-0.006355276,-0.000310176,451.7218155,48.53603729,0.928240993,-0.024976569,2.653630513,0.798652085,0.071409677,0.001956244,NA,NA,NA,NA
clayloam_2_12,clayloam,12,2,1.059852182,0.026446035,-0.006986915,-0.00032758,456.8019035,46.84246992,0.724075261,-0.031020884,2.653630513,0.798652085,0.071409677,0.001956244,NA,NA,NA,NA
loam_2_12,loam,12,2,1.063554492,0.022576345,-0.007400879,-0.000339356,459.6896749,45.63167958,0.572396483,-0.03560294,2.653630513,0.798652085,0.071409677,0.001956244,NA,NA,NA,NA
loamysand_2_12,loamysand,12,2,1.062098867,0.024107964,-0.007105991,-0.000330101,452.2877665,45.14371322,0.631067311,-0.0324967,2.653630513,0.798652085,0.071409677,0.001956244,NA,NA,NA,NA
sandyclay_2_12,sandyclay,12,2,1.054568844,0.031955801,-0.00655586,-0.000316126,450.8184933,49.78225261,1.070466924,-0.020413445,2.653630513,0.798652085,0.071409677,0.001956244,NA,NA,NA,NA
sandyclayloam_2_12,sandyclayloam,12,2,1.061975824,0.024217479,-0.007345086,-0.000339371,460.3816483,47.13842202,0.693039669,-0.032759847,2.653630513,0.798652085,0.071409677,0.001956244,NA,NA,NA,NA
sandyloam_2_12,sandyloam,12,2,1.064112564,0.02198859,-0.007527588,-0.000344402,462.2120464,46.94935627,0.689124914,-0.032634814,2.653630513,0.798652085,0.071409677,0.001956244,NA,NA,NA,NA
silt_2_12,silt,12,2,1.061595299,0.024642345,-0.00692845,-0.000321632,455.3485026,42.50709221,0.298238364,-0.042650451,2.660245846,0.800285169,0.071537376,0.001959426,NA,NA,NA,NA
siltloam_2_12,siltloam,12,2,1.068052103,0.017885927,-0.007749638,-0.000345534,459.3950861,41.53373317,0.154841704,-0.046947234,2.653630513,0.798652085,0.071409677,0.001956244,NA,NA,NA,NA
siltyclay_2_12,siltyclay,12,2,1.054620588,0.031913081,-0.006415081,-0.00031129,452.6293027,47.97641445,0.866097631,-0.02679003,2.653630513,0.798652085,0.071409677,0.001956244,NA,NA,NA,NA
siltyclayloam_2_12,siltyclayloam,12,2,1.058819252,0.027537062,-0.006711745,-0.000316866,454.2375333,44.98085915,0.565879312,-0.034892249,2.653630513,0.798652085,0.071409677,0.001956244,NA,NA,NA,NA
clay_3.6_1,clay,1,3.6,1.055169221,0.032498007,0.007303161,-2.45E-05,458.3431225,30.69038784,4.839077011,0.046552313,166.2917854,16.75741277,1.831606098,0.005026718,-8.788397877,-23.25173993,3.421061908,0.058279729
clayloam_3.6_1,clayloam,1,3.6,1.063120775,0.024107885,0.004728509,-0.00021149,505.2358779,40.15974446,4.54882258,-0.024507577,153.2754692,10.26944689,0.679155036,-0.040641451,-12.95830917,-28.30885893,1.72733823,-0.054203838
loam_3.6_1,loam,1,3.6,1.061674626,0.02563317,0.005099042,-0.000194851,504.5326298,41.09925356,4.753890512,-0.014987049,151.7578944,11.70937767,0.76304342,-0.029556004,-9.237805897,-23.72708004,2.317759734,-0.033337182
loamysand_3.6_1,loamysand,1,3.6,1.06326998,0.023944372,0.004471467,-0.000242514,506.5347208,39.39802343,4.355493221,-0.035011498,154.1187319,6.984772616,0.694269952,-0.034492675,-10.4263001,-25.19466317,1.964572569,-0.051772678
sandyclay_3.6_1,sandyclay,1,3.6,1.065779075,0.021298283,0.00481219,-8.45E-05,448.140579,18.95517563,3.053927275,-0.007981632,162.2169627,8.88147613,1.309473842,-0.016868066,-19.59752235,-36.68623703,1.456378734,-0.002770592
sandyclayloam_3.6_1,sandyclayloam,1,3.6,1.064129323,0.023040275,0.00443943,-0.000221125,505.3097884,39.583599,4.431443034,-0.029383757,154.2576339,9.245541098,0.650242301,-0.049857968,-13.00692328,-28.36858959,1.697397154,-0.056165846
sandyloam_3.6_1,sandyloam,1,3.6,1.063352121,0.023859394,0.004497451,-0.000237842,506.2494217,39.27445099,4.343160306,-0.035178457,151.98389,6.635900856,0.529032969,-0.042533141,-13.07619495,-28.45550292,1.599877986,-0.062812881
silt_3.6_1,silt,1,3.6,1.059444849,0.027971905,0.005336364,-0.000206496,505.9928962,41.64459119,4.767100757,-0.019439684,140.8565649,10.91815335,0.759223614,-0.010331297,-7.639340944,-21.75273594,2.425644582,-0.036187
siltloam_3.6_1,siltloam,1,3.6,1.05982785,0.027577368,0.005488319,-0.000182252,503.3297714,42.86240604,5.133256273,0.002600606,135.1061666,12.92555271,0.777701342,-0.007868752,-1.972060455,-14.78323788,3.438343408,0.005553764
siltyclay_3.6_1,siltyclay,1,3.6,1.057268499,0.030277924,0.006499724,-8.73E-05,477.9227063,36.57325855,5.067059574,0.033904664,166.6858583,16.71401819,1.625819214,-0.005554683,-8.24062643,-22.54890455,3.178489868,0.032411108
siltyclayloam_3.6_1,siltyclayloam,1,3.6,1.059738083,0.027672657,0.005603731,-0.000164836,499.7438191,42.46372091,5.210844214,0.013414707,152.9821162,14.89347866,1.050564378,-0.011602039,-5.979737921,-19.73430476,3.039590345,0.003213885
clay_3.6_3,clay,3,3.6,1.108150691,-0.023735024,-0.008432411,-0.000334913,451.2695496,3.876750098,-2.09349082,-0.102194212,13.14211895,0.460999912,0.0922583,0.00162949,-34.30729487,-56.28344826,-4.11525279,-0.108096546
clayloam_3.6_3,clayloam,3,3.6,1.103578414,-0.018689964,-0.00443775,-0.000193435,432.3110039,-1.717569728,-1.305027504,-0.073063625,13.15440464,1.013273366,0.184986304,0.003635857,-31.35709566,-52.28581317,-2.423296314,-0.053820667
loam_3.6_3,loam,3,3.6,1.096335266,-0.010954533,-0.001479679,-9.36E-05,419.7500311,-3.48432638,-0.685712137,-0.051093786,13.85056376,1.480602141,0.219576981,0.004309599,-27.33135058,-47.12531495,-1.145601658,-0.013411549
loamysand_3.6_3,loamysand,3,3.6,1.082394048,0.003436717,-0.00234721,-0.000147942,435.867349,14.14049127,0.232477163,-0.039403615,15.83669773,1.075961839,0.150621787,0.000837975,-11.29786948,-27.60722678,0.013766308,0.006252167
sandyclay_3.6_3,sandyclay,3,3.6,1.094705528,-0.009764803,-0.007999999,-0.000329169,455.9219288,15.70447907,-1.326266537,-0.083059381,15.26583325,0.529115903,0.069051863,0.000653936,-24.39566908,-44.23555546,-3.344598812,-0.089235865
sandyclayloam_3.6_3,sandyclayloam,3,3.6,1.102123037,-0.017241778,-0.005221014,-0.000221805,439.9622415,2.367260905,-1.315449072,-0.076261216,13.81103351,0.817964423,0.153228937,0.002532521,-28.38207148,-48.73408906,-2.420946687,-0.05576584
sandyloam_3.6_3,sandyloam,3,3.6,1.095381253,-0.010062983,-0.002789243,-0.000147391,432.634931,2.021741486,-0.700636742,-0.059428487,13.69218838,0.852152734,0.167888035,0.002091708,-25.87785277,-45.45878805,-1.500946118,-0.030917471
silt_3.6_3,silt,3,3.6,1.071314835,0.015585829,0.006010501,9.57E-05,396.683702,-0.072007011,1.865255881,0.023706618,14.12239295,2.114302056,0.256956073,0.004744662,-14.61972036,-30.84971446,2.583762786,0.094116374
siltloam_3.6_3,siltloam,3,3.6,1.07005818,0.016921614,0.006629129,0.000145825,391.3045954,-1.643327286,1.709140718,0.02830577,16.96017899,2.788021733,0.270026337,0.006218489,-11.88614527,-27.55104126,2.935109026,0.113317937
siltyclay_3.6_3,siltyclay,3,3.6,1.109338749,-0.024932507,-0.007985281,-0.000317532,447.5716907,1.388600679,-2.098919635,-0.100763788,12.59508233,0.455230807,0.103849578,0.00197733,-35.11926913,-57.21486378,-3.975791155,-0.102686053
siltyclayloam_3.6_3,siltyclayloam,3,3.6,1.100229971,-0.015021666,-0.001824884,-9.62E-05,408.3753171,-9.533647548,-1.063831454,-0.054088597,13.24760707,1.53209658,0.218030292,0.00510902,-31.42155472,-52.14200807,-1.487621353,-0.016321211
clay_3.6_6,clay,6,3.6,1.063614318,0.022538461,-0.007099493,-0.00033057,456.5326587,39.29965988,0.066679873,-0.049136297,2.653630513,0.798652085,0.071409677,0.001956244,2.583699005,-11.41298646,-1.108435992,-0.031706545
clayloam_3.6_6,clayloam,6,3.6,1.075845698,0.009765268,-0.008318899,-0.000363754,463.624808,33.97937229,-0.473609073,-0.064681787,2.653630513,0.798652085,0.071409677,0.001956244,-1.902294119,-16.90530991,-1.606319332,-0.045574079
loam_3.6_6,loam,6,3.6,1.083827017,0.001434322,-0.009059635,-0.000382846,466.9277604,29.61827984,-0.891393156,-0.076393425,2.653630513,0.798652085,0.071409677,0.001956244,-5.46715704,-21.26544584,-1.981937213,-0.05574712
loamysand_3.6_6,loamysand,6,3.6,1.074678168,0.010982158,-0.008240266,-0.000363026,465.1095618,37.78408669,-0.085873995,-0.053588862,2.653630513,0.798652085,0.071409677,0.001956244,6.184463901,-6.965555465,-0.544028336,-0.013986018
sandyclay_3.6_6,sandyclay,6,3.6,1.060424986,0.025864048,-0.00683649,-0.000322254,455.2389635,43.35136963,0.490242377,-0.036453155,2.653630513,0.798652085,0.071409677,0.001956244,5.789789296,-7.479469157,-0.718252459,-0.020436713
sandyclayloam_3.6_6,sandyclayloam,6,3.6,1.076014742,0.009579343,-0.008462442,-0.000369403,465.6765253,35.21802783,-0.401250935,-0.063253213,2.653630513,0.798652085,0.071409677,0.001956244,-0.336929198,-14.98461903,-1.414390206,-0.039988784
sandyloam_3.6_6,sandyloam,6,3.6,1.079228237,0.006227136,-0.008735673,-0.000376475,467.1674768,34.24890336,-0.462393272,-0.064618022,2.653630513,0.798652085,0.071409677,0.001956244,-0.915884399,-15.68831229,-1.458592831,-0.041036136
silt_3.6_6,silt,6,3.6,1.095129664,-0.01033288,-0.009692656,-0.000392288,465.8363175,18.76189264,-1.826828969,-0.101450316,2.658825114,0.799934442,0.071509951,0.001958743,-15.12817499,-33.08467507,-3.015018449,-0.084011906
siltloam_3.6_6,siltloam,6,3.6,1.103569587,-0.019118989,-0.010147439,-0.000397353,465.3180762,13.28841681,-2.195201593,-0.109287074,2.653630513,0.798652085,0.071409677,0.001956244,-18.47949501,-37.14607195,-3.197716837,-0.086360115
siltyclay_3.6_6,siltyclay,6,3.6,1.065568969,0.020498987,-0.007270721,-0.000334924,457.9004357,38.20262539,-0.050574756,-0.052592478,2.653630513,0.798652085,0.071409677,0.001956244,1.791268897,-12.38495491,-1.204471811,-0.034499701
siltyclayloam_3.6_6,siltyclayloam,6,3.6,1.082544842,0.002783247,-0.008794551,-0.000373295,463.7217805,27.97528713,-1.016730369,-0.079411581,2.653630513,0.798652085,0.071409677,0.001956244,-7.423370334,-23.66808583,-2.230880328,-0.06305586
clay_3.6_12,clay,12,3.6,1.046516235,0.040393935,-0.005366378,-0.000278743,445.4043687,48.01584386,0.926970808,-0.024366278,2.653630513,0.798652085,0.071409677,0.001956244,NA,NA,NA,NA
clayloam_3.6_12,clayloam,12,3.6,1.052843392,0.033785246,-0.006013972,-0.000296572,450.7748172,46.34538656,0.720068595,-0.030573449,2.653630513,0.798652085,0.071409677,0.001956244,NA,NA,NA,NA
loam_3.6_12,loam,12,3.6,1.056850258,0.029596279,-0.0064756,-0.00030999,453.540684,45.1072556,0.566224467,-0.035209343,2.653630513,0.798652085,0.071409677,0.001956244,NA,NA,NA,NA
loamysand_3.6_12,loamysand,12,3.6,1.065005919,0.021057136,-0.007603943,-0.000347376,464.2677856,45.84635125,0.528514453,-0.038220006,2.653630513,0.798652085,0.071409677,0.001956244,NA,NA,NA,NA
sandyclay_3.6_12,sandyclay,12,3.6,1.04985655,0.036888515,-0.005925065,-0.000296228,446.8283428,49.84448828,1.110395216,-0.018875405,2.653630513,0.798652085,0.071409677,0.001956244,NA,NA,NA,NA
sandyclayloam_3.6_12,sandyclayloam,12,3.6,1.0565205,0.02992911,-0.006599576,-0.000315713,454.5800666,46.60276618,0.681650797,-0.032551811,2.653630513,0.798652085,0.071409677,0.001956244,NA,NA,NA,NA
sandyloam_3.6_12,sandyloam,12,3.6,1.059510316,0.026806777,-0.006902703,-0.00032463,457.0184972,46.39595987,0.666638592,-0.032891368,2.653630513,0.798652085,0.071409677,0.001956244,NA,NA,NA,NA
silt_3.6_12,silt,12,3.6,1.051756402,0.03494546,-0.00555882,-0.000278131,446.5384939,41.64734619,0.28150433,-0.042250995,2.661762965,0.80065969,0.071566662,0.001960156,NA,NA,NA,NA
siltloam_3.6_12,siltloam,12,3.6,1.059624839,0.026709366,-0.00659764,-0.000309396,452.901675,41.07600599,0.157889604,-0.046300612,2.653630513,0.798652085,0.071409677,0.001956244,NA,NA,NA,NA
siltyclay_3.6_12,siltyclay,12,3.6,1.046942722,0.039953505,-0.005341133,-0.000276972,446.0991532,47.46605513,0.868493086,-0.026041802,2.653630513,0.798652085,0.071409677,0.001956244,NA,NA,NA,NA
siltyclayloam_3.6_12,siltyclayloam,12,3.6,1.050009049,0.036762993,-0.005484404,-0.000277835,447.3376589,44.49531862,0.573509768,-0.033986871,2.653630513,0.798652085,0.071409677,0.001956244,NA,NA,NA,NA
